Protocollo;Gruppo;DataOraIncidente;Localizzazione1;STRADA1;Localizzazione2;STRADA2;Strada02;Chilometrica;DaSpecificare;NaturaIncidente;particolaritastrade;TipoStrada;FondoStradale;Pavimentazione;Segnaletica;CondizioneAtmosferica;Traffico;Visibilita;Illuminazione;NUM_FERITI;NUM_RISERVATA;NUM_MORTI;NUM_ILLESI;Longitudine;Latitudine;Confermato;Progressivo;TipoVeicolo;StatoVeicolo;TipoPersona;Sesso;Tipolesione;Deceduto;DecedutoDopo;CinturaCascoUtilizzato;Airbag;
5013090;18;03/08/2020 10:30:00;Strada Urbana;PIAZZA PIO XI;in prossimit�;;del civico n.;82;;Scontro laterale fra veicoli in marcia;Rettilineo;Due carreggiate;Asciutto;Asfaltata;Verticale ed orizzontale;Sereno;Intenso;Buona;;1;0;0;1;12.4381;41.8953;-1;1;Autovettura privata;In marcia / fermata / arresto;Conducente;M;Illeso;0;;Non accertato;Inesploso
5013090;18;03/08/2020 10:30:00;Strada Urbana;PIAZZA PIO XI;in prossimit�;;del civico n.;82;;Scontro laterale fra veicoli in marcia;Rettilineo;Due carreggiate;Asciutto;Asfaltata;Verticale ed orizzontale;Sereno;Intenso;Buona;;1;0;0;1;12.4381;41.8953;-1;2;Autovettura privata;In marcia / fermata / arresto;Conducente;F;Rimandato;0;NON DECEDUTO;Non accertato;Inesploso
5013129;17;01/08/2020 22:40:00;Strada Urbana;VIA CANDIA;all'intersezione con;VIA MOCENIGO;VIA MOCENIGO;;;Scontro laterale fra veicoli in marcia;Incrocio;Una carreggiata a senso unico di marcia;Asciutto;Asfaltata;Verticale ed orizzontale;Sereno;Scarso;Buona;;0;0;0;3;12.4527;41.9081;-1;1;Autovettura privata;In marcia / fermata / arresto;Conducente;M;Illeso;0;;;
5013129;17;01/08/2020 22:40:00;Strada Urbana;VIA CANDIA;all'intersezione con;VIA MOCENIGO;VIA MOCENIGO;;;Scontro laterale fra veicoli in marcia;Incrocio;Una carreggiata a senso unico di marcia;Asciutto;Asfaltata;Verticale ed orizzontale;Sereno;Scarso;Buona;;0;0;0;3;12.4527;41.9081;-1;2;Autovettura privata;In marcia / fermata / arresto;Conducente;M;Illeso;0;;;
5013129;17;01/08/2020 22:40:00;Strada Urbana;VIA CANDIA;all'intersezione con;VIA MOCENIGO;VIA MOCENIGO;;;Scontro laterale fra veicoli in marcia;Incrocio;Una carreggiata a senso unico di marcia;Asciutto;Asfaltata;Verticale ed orizzontale;Sereno;Scarso;Buona;;0;0;0;3;12.4527;41.9081;-1;2;Autovettura privata;In marcia / fermata / arresto;Passeggero;F;Illeso;0;;;
5013248;1;03/08/2020 13:30:00;Strada Urbana;VIA MARMORATA;in corrispondenza;;del civico n.;59;;Tamponamento Multiplo;Rettilineo;Una carreggiata a doppio senso;Asciutto;Asfaltata;Verticale ed orizzontale;Sereno;Normale;Buona;;0;0;0;4;12.4785;41.8794;-1;1;Autocarro inferiore 35 q.;In marcia / fermata / arresto;Conducente;M;Illeso;0;;Non accertato;Inesploso
5013248;1;03/08/2020 13:30:00;Strada Urbana;VIA MARMORATA;in corrispondenza;;del civico n.;59;;Tamponamento Multiplo;Rettilineo;Una carreggiata a doppio senso;Asciutto;Asfaltata;Verticale ed orizzontale;Sereno;Normale;Buona;;0;0;0;4;12.4785;41.8794;-1;2;Autovettura privata;In marcia / fermata / arresto;Conducente;M;Illeso;0;;Non accertato;Inesploso
5013248;1;03/08/2020 13:30:00;Strada Urbana;VIA MARMORATA;in corrispondenza;;del civico n.;59;;Tamponamento Multiplo;Rettilineo;Una carreggiata a doppio senso;Asciutto;Asfaltata;Verticale ed orizzontale;Sereno;Normale;Buona;;0;0;0;4;12.4785;41.8794;-1;3;Autovettura privata;In marcia / fermata / arresto;Conducente;M;Illeso;0;;Non accertato;Inesploso
5013248;1;03/08/2020 13:30:00;Strada Urbana;VIA MARMORATA;in corrispondenza;;del civico n.;59;;Tamponamento Multiplo;Rettilineo;Una carreggiata a doppio senso;Asciutto;Asfaltata;Verticale ed orizzontale;Sereno;Normale;Buona;;0;0;0;4;12.4785;41.8794;-1;4;Autovettura privata;In marcia / fermata / arresto;Conducente;M;Illeso;0;;;Inesploso
5013355;17;02/08/2020 23:00:00;Strada Urbana;VIA FRANCESCO RISMONDO;all'intersezione con;VIA CARLO MONTANARI;VIA CARLO MONTANARI;;;Scontro laterale fra veicoli in marcia;Incrocio;Una carreggiata a senso unico di marcia;Asciutto;Asfaltata;Verticale ed orizzontale;Sereno;Normale;Buona;;0;0;0;3;12.4609;41.9222;-1;1;Autovettura privata;In marcia / fermata / arresto;Conducente;M;Illeso;0;;;
5013355;17;02/08/2020 23:00:00;Strada Urbana;VIA FRANCESCO RISMONDO;all'intersezione con;VIA CARLO MONTANARI;VIA CARLO MONTANARI;;;Scontro laterale fra veicoli in marcia;Incrocio;Una carreggiata a senso unico di marcia;Asciutto;Asfaltata;Verticale ed orizzontale;Sereno;Normale;Buona;;0;0;0;3;12.4609;41.9222;-1;1;Autovettura privata;In marcia / fermata / arresto;Passeggero;F;Illeso;0;;;
5013355;17;02/08/2020 23:00:00;Strada Urbana;VIA FRANCESCO RISMONDO;all'intersezione con;VIA CARLO MONTANARI;VIA CARLO MONTANARI;;;Scontro laterale fra veicoli in marcia;Incrocio;Una carreggiata a senso unico di marcia;Asciutto;Asfaltata;Verticale ed orizzontale;Sereno;Normale;Buona;;0;0;0;3;12.4609;41.9222;-1;2;Autovettura privata;In marcia / fermata / arresto;Conducente;M;Illeso;0;;;
5013371;13;03/08/2020 14:40:00;Strada Urbana;VIA VINCENZO VANNUTELLI;all'intersezione con;VIALE CARDINAL GINNASI;VIALE CARDINAL GINNASI;;;Investimento di pedone;Incrocio;Una carreggiata a doppio senso;Asciutto;Asfaltata;Verticale;Sereno;Normale;Buona;;1;0;0;1;12.2808;41.7326;-1;;;;Pedone;F;Rimandato;0;NON DECEDUTO;;
5013371;13;03/08/2020 14:40:00;Strada Urbana;VIA VINCENZO VANNUTELLI;all'intersezione con;VIALE CARDINAL GINNASI;VIALE CARDINAL GINNASI;;;Investimento di pedone;Incrocio;Una carreggiata a doppio senso;Asciutto;Asfaltata;Verticale;Sereno;Normale;Buona;;1;0;0;1;12.2808;41.7326;-1;1;Autobus di linea;In marcia / fermata / arresto;Conducente;M;Illeso;0;;Non accertato;Inesploso
5013376;1;03/08/2020 15:30:00;Strada Urbana;PIAZZA MASTAI;in corrispondenza;;del civico n.;1;;Veicolo in marcia contro ostacolo fisso;Rettilineo;Una carreggiata a senso unico di marcia;Asciutto;In cubetti di porfido;Verticale ed orizzontale;Nuvoloso;Scarso;Buona;;0;0;0;1;12.4733;41.8877;-1;1;Autocarro inferiore 35 q.;In marcia / fermata / arresto;Conducente;M;Illeso;0;;Non accertato;Inesploso
5013519;11;03/08/2020 08:35:00;Strada Urbana;VIA SILVIO D'AMICO;in prossimit�;;del civico n.;123;;Scontro frontale fra veicoli in marcia;Rettilineo;Due carreggiate;Asciutto;Asfaltata;Verticale ed orizzontale;Sereno;Scarso;Buona;;0;0;0;2;12.4814;41.8501;-1;1;Autovettura privata;In marcia / fermata / arresto;Conducente;F;Illeso;0;;Non accertato;
5013519;11;03/08/2020 08:35:00;Strada Urbana;VIA SILVIO D'AMICO;in prossimit�;;del civico n.;123;;Scontro frontale fra veicoli in marcia;Rettilineo;Due carreggiate;Asciutto;Asfaltata;Verticale ed orizzontale;Sereno;Scarso;Buona;;0;0;0;2;12.4814;41.8501;-1;2;Autovettura privata;In marcia / fermata / arresto;Conducente;M;Illeso;0;;Non accertato;
5013572;11;03/08/2020 12:15:00;Strada Urbana;VIA FAUSTO COPPI;da specificare;;;;Altezza civ.49;Veicolo in marcia contro veicolo fermo;Rettilineo;Una carreggiata a senso unico di marcia;Asciutto;Asfaltata;Verticale;Sereno;Scarso;Buona;;0;0;0;2;12.5099;41.8331;-1;1;Autovettura privata;In marcia / fermata / arresto;Conducente;F;Illeso;0;;;
5013572;11;03/08/2020 12:15:00;Strada Urbana;VIA FAUSTO COPPI;da specificare;;;;Altezza civ.49;Veicolo in marcia contro veicolo fermo;Rettilineo;Una carreggiata a senso unico di marcia;Asciutto;Asfaltata;Verticale;Sereno;Scarso;Buona;;0;0;0;2;12.5099;41.8331;-1;2;Autovettura privata;In marcia / fermata / arresto;Conducente;M;Illeso;0;;;
5013584;9;03/08/2020 13:15:00;Strada Urbana;VIA APPIA NUOVA;all'intersezione con;VIA FALERIA;VIA FALERIA;;;Scontro laterale fra veicoli in marcia;Intersezione semaforizzata;Due carreggiate;Asciutto;Asfaltata;Verticale ed orizzontale;Sereno;Normale;Buona;;0;0;0;3;12.5114;41.8839;-1;1;Autocarro inferiore 35 q.;In marcia / fermata / arresto;Conducente;M;Illeso;0;;;
5013584;9;03/08/2020 13:15:00;Strada Urbana;VIA APPIA NUOVA;all'intersezione con;VIA FALERIA;VIA FALERIA;;;Scontro laterale fra veicoli in marcia;Intersezione semaforizzata;Due carreggiate;Asciutto;Asfaltata;Verticale ed orizzontale;Sereno;Normale;Buona;;0;0;0;3;12.5114;41.8839;-1;1;Autocarro inferiore 35 q.;In marcia / fermata / arresto;Passeggero;F;Illeso;0;;Non accertato;Inesploso
5013584;9;03/08/2020 13:15:00;Strada Urbana;VIA APPIA NUOVA;all'intersezione con;VIA FALERIA;VIA FALERIA;;;Scontro laterale fra veicoli in marcia;Intersezione semaforizzata;Due carreggiate;Asciutto;Asfaltata;Verticale ed orizzontale;Sereno;Normale;Buona;;0;0;0;3;12.5114;41.8839;-1;2;Motociclo a solo;In marcia / fermata / arresto;Conducente;M;Illeso;0;;Non accertato;
5013600;9;03/08/2020 13:20:00;Strada Urbana;PIAZZA DEI RE DI ROMA;in corrispondenza;;del civico n.;79;;Tamponamento;Rotatoria;Una carreggiata a senso unico di marcia;Asciutto;Asfaltata;Verticale ed orizzontale;Sereno;Normale;Buona;;0;0;0;2;12.515;41.8815;-1;1;Autovettura privata;In marcia / fermata / arresto;Conducente;F;Illeso;0;;Non accertato;Inesploso
5013600;9;03/08/2020 13:20:00;Strada Urbana;PIAZZA DEI RE DI ROMA;in corrispondenza;;del civico n.;79;;Tamponamento;Rotatoria;Una carreggiata a senso unico di marcia;Asciutto;Asfaltata;Verticale ed orizzontale;Sereno;Normale;Buona;;0;0;0;2;12.515;41.8815;-1;2;Autovettura privata;In marcia / fermata / arresto;Conducente;M;Illeso;0;;Non accertato;Inesploso
5013610;8;03/08/2020 06:10:00;Strada Urbana;VIA SILICELLA;in corrispondenza;;del civico n.;13;;Scontro frontale/laterale SX fra veicoli in marcia;Rettilineo;Una carreggiata a doppio senso;Asciutto;Asfaltata;Verticale ed orizzontale;Sereno;Normale;Buona;;1;0;0;1;12.5987;41.8647;-1;1;Autocarro inferiore 35 q.;In marcia / fermata / arresto;Conducente;M;Illeso;0;;Non accertato;Inesploso
5013610;8;03/08/2020 06:10:00;Strada Urbana;VIA SILICELLA;in corrispondenza;;del civico n.;13;;Scontro frontale/laterale SX fra veicoli in marcia;Rettilineo;Una carreggiata a doppio senso;Asciutto;Asfaltata;Verticale ed orizzontale;Sereno;Normale;Buona;;1;0;0;1;12.5987;41.8647;-1;2;Motociclo a solo;In marcia / fermata / arresto;Conducente;M;Rimandato;0;NON DECEDUTO;Non accertato;
5013617;8;03/08/2020 11:15:00;Strada Urbana;VIA PRENESTINA;in corrispondenza;;del civico n.;1240;;Investimento di pedone;Rettilineo;Una carreggiata a doppio senso;Asciutto;Asfaltata;Assente;Sereno;Normale;Buona;;1;0;0;1;12.6338;41.8924;-1;;;;Pedone;M;Rimandato;0;NON DECEDUTO;;
5013617;8;03/08/2020 11:15:00;Strada Urbana;VIA PRENESTINA;in corrispondenza;;del civico n.;1240;;Investimento di pedone;Rettilineo;Una carreggiata a doppio senso;Asciutto;Asfaltata;Assente;Sereno;Normale;Buona;;1;0;0;1;12.6338;41.8924;-1;1;Autovettura privata;In marcia / fermata / arresto;Conducente;M;Illeso;0;;Non accertato;Inesploso
5013620;8;03/08/2020 11:30:00;Strada Urbana;VIA WALTER TOBAGI;in corrispondenza;;del civico n.;45;;Scontro frontale/laterale DX fra veicoli in marcia;Rettilineo;Una carreggiata a doppio senso;Asciutto;Asfaltata;Verticale ed orizzontale;Sereno;Normale;Buona;;0;0;0;3;12.5975;41.8695;-1;1;Autovettura privata;In marcia / fermata / arresto;Conducente;M;Illeso;0;;Non accertato;Inesploso
5013620;8;03/08/2020 11:30:00;Strada Urbana;VIA WALTER TOBAGI;in corrispondenza;;del civico n.;45;;Scontro frontale/laterale DX fra veicoli in marcia;Rettilineo;Una carreggiata a doppio senso;Asciutto;Asfaltata;Verticale ed orizzontale;Sereno;Normale;Buona;;0;0;0;3;12.5975;41.8695;-1;1;Autovettura privata;In marcia / fermata / arresto;Passeggero;F;Illeso;0;;Non accertato;Inesploso
5013620;8;03/08/2020 11:30:00;Strada Urbana;VIA WALTER TOBAGI;in corrispondenza;;del civico n.;45;;Scontro frontale/laterale DX fra veicoli in marcia;Rettilineo;Una carreggiata a doppio senso;Asciutto;Asfaltata;Verticale ed orizzontale;Sereno;Normale;Buona;;0;0;0;3;12.5975;41.8695;-1;2;Autocarro inferiore 35 q.;In marcia / fermata / arresto;Conducente;M;Illeso;0;;Non accertato;Inesistente
5013628;9;03/08/2020 17:25:00;Strada Urbana;LARGO MAGNAGRECIA;in prossimit�;;del civico n.;3;;Scontro laterale fra veicoli in marcia;Rettilineo;Una carreggiata a doppio senso;Asciutto;Asfaltata;Verticale ed orizzontale;Sereno;Normale;Buona;;0;0;0;2;12.5092;41.8835;-1;1;Autocarro inferiore 35 q.;In marcia / fermata / arresto;Conducente;M;Illeso;0;;Non accertato;Inesploso
5013628;9;03/08/2020 17:25:00;Strada Urbana;LARGO MAGNAGRECIA;in prossimit�;;del civico n.;3;;Scontro laterale fra veicoli in marcia;Rettilineo;Una carreggiata a doppio senso;Asciutto;Asfaltata;Verticale ed orizzontale;Sereno;Normale;Buona;;0;0;0;2;12.5092;41.8835;-1;2;Autovettura privata;In marcia / fermata / arresto;Conducente;M;Illeso;0;;Non accertato;Inesploso
5013635;8;03/08/2020 12:05:00;Strada Urbana;VIA DI ROCCA CENCIA;da specificare;;;;parcheggio antistante bar civico 61;Veicolo in marcia contro veicolo fermo;Rettilineo;Una carreggiata a doppio senso;Asciutto;Asfaltata;Assente;Sereno;Normale;Buona;;0;0;0;2;12.6919;41.8758;-1;1;Autovettura privata;In marcia / fermata / arresto;Conducente;F;Illeso;0;;;
5013635;8;03/08/2020 12:05:00;Strada Urbana;VIA DI ROCCA CENCIA;da specificare;;;;parcheggio antistante bar civico 61;Veicolo in marcia contro veicolo fermo;Rettilineo;Una carreggiata a doppio senso;Asciutto;Asfaltata;Assente;Sereno;Normale;Buona;;0;0;0;2;12.6919;41.8758;-1;2;Autovettura privata;In marcia / fermata / arresto;Conducente;M;Illeso;0;;;
5013637;12;03/08/2020 21:00:00;Strada Urbana;VIA DI CECILIA METELLA;in prossimit�;;del civico n.;9;;Infortunio per caduta del veicolo;Rettilineo;Una carreggiata a doppio senso;Asciutto;Asfaltata;Assente;Sereno;Scarso;Buona;;0;0;1;0;12.5248;41.8509;0;1;Bicicletta elettrica;In marcia / fermata / arresto;Conducente;M;Deceduto durante prime cure;-1;;Non accertato;Inesistente
5013640;8;03/08/2020 14:40:00;Strada Urbana;VIA ACQUARONI;da specificare;;;;prossimit� intersezione Via G. Galopini;Veicolo in marcia contro veicoli in sosta;Rettilineo;Una carreggiata a doppio senso;Asciutto;Asfaltata;Verticale ed orizzontale;Sereno;Normale;Buona;;0;0;0;0;12.6446;41.8655;-1;1;Autovettura privata;Sosta;;;;;;;
5013640;8;03/08/2020 14:40:00;Strada Urbana;VIA ACQUARONI;da specificare;;;;prossimit� intersezione Via G. Galopini;Veicolo in marcia contro veicoli in sosta;Rettilineo;Una carreggiata a doppio senso;Asciutto;Asfaltata;Verticale ed orizzontale;Sereno;Normale;Buona;;0;0;0;0;12.6446;41.8655;-1;2;Autovettura privata;Sosta;;;;;;;
5013640;8;03/08/2020 14:40:00;Strada Urbana;VIA ACQUARONI;da specificare;;;;prossimit� intersezione Via G. Galopini;Veicolo in marcia contro veicoli in sosta;Rettilineo;Una carreggiata a doppio senso;Asciutto;Asfaltata;Verticale ed orizzontale;Sereno;Normale;Buona;;0;0;0;0;12.6446;41.8655;-1;3;Autovettura privata;Sosta;;;;;;;
5013640;8;03/08/2020 14:40:00;Strada Urbana;VIA ACQUARONI;da specificare;;;;prossimit� intersezione Via G. Galopini;Veicolo in marcia contro veicoli in sosta;Rettilineo;Una carreggiata a doppio senso;Asciutto;Asfaltata;Verticale ed orizzontale;Sereno;Normale;Buona;;0;0;0;0;12.6446;41.8655;-1;4;Autocarro inferiore 35 q.;Sosta;;;;;;;
5013640;8;03/08/2020 14:40:00;Strada Urbana;VIA ACQUARONI;da specificare;;;;prossimit� intersezione Via G. Galopini;Veicolo in marcia contro veicoli in sosta;Rettilineo;Una carreggiata a doppio senso;Asciutto;Asfaltata;Verticale ed orizzontale;Sereno;Normale;Buona;;0;0;0;0;12.6446;41.8655;-1;5;Autocarro inferiore 35 q.;Allontanatosi;;;;;;;
5013645;8;03/08/2020 16:10:00;Statale entro l'abitato;VIA CASILINA;da specificare;;;;altezza cavalcavia V.le Oxford;Veicolo in marcia contro ostacolo accidentale;Rettilineo;Una carreggiata a senso unico di marcia;Asciutto;Asfaltata;Verticale ed orizzontale;Sereno;Normale;Buona;;1;0;0;0;12.6212;41.8626;-1;1;Ciclomotore;In marcia / fermata / arresto;Conducente;M;Rimandato;0;NON DECEDUTO;Utilizzato;
5013646;12;03/08/2020 13:55:00;Strada Urbana;VIALE STEFANO GRADI;in corrispondenza;;del civico n.;154;;Tamponamento Multiplo;Rettilineo;Due carreggiate;Asciutto;Asfaltata;Verticale ed orizzontale;Sereno;Normale;Buona;;2;0;0;2;12.5038;41.8235;-1;1;Autovettura privata;In marcia / fermata / arresto;Conducente;F;Illeso;0;;Utilizzato;Inesploso
5013646;12;03/08/2020 13:55:00;Strada Urbana;VIALE STEFANO GRADI;in corrispondenza;;del civico n.;154;;Tamponamento Multiplo;Rettilineo;Due carreggiate;Asciutto;Asfaltata;Verticale ed orizzontale;Sereno;Normale;Buona;;2;0;0;2;12.5038;41.8235;-1;2;Autovettura privata;In marcia / fermata / arresto;Conducente;F;Rimandato;0;NON DECEDUTO;Utilizzato;Inesploso
5013646;12;03/08/2020 13:55:00;Strada Urbana;VIALE STEFANO GRADI;in corrispondenza;;del civico n.;154;;Tamponamento Multiplo;Rettilineo;Due carreggiate;Asciutto;Asfaltata;Verticale ed orizzontale;Sereno;Normale;Buona;;2;0;0;2;12.5038;41.8235;-1;2;Autovettura privata;In marcia / fermata / arresto;Passeggero;F;Rimandato;0;NON DECEDUTO;;
5013646;12;03/08/2020 13:55:00;Strada Urbana;VIALE STEFANO GRADI;in corrispondenza;;del civico n.;154;;Tamponamento Multiplo;Rettilineo;Due carreggiate;Asciutto;Asfaltata;Verticale ed orizzontale;Sereno;Normale;Buona;;2;0;0;2;12.5038;41.8235;-1;3;Autovettura privata;In marcia / fermata / arresto;Conducente;F;Illeso;0;;Utilizzato;Inesploso
5013660;20;03/08/2020 20:55:00;Provinciale entro l'abitato;VIA TIBERINA;in corrispondenza;;del civico n.;F.C. 29;;Scontro frontale/laterale DX fra veicoli in marcia;Rettilineo;Una carreggiata a doppio senso;Asciutto;Asfaltata;Verticale ed orizzontale;Sereno;Normale;Sufficiente;;0;0;0;2;12.4984;42.0028;-1;1;Autovettura privata;In marcia / fermata / arresto;Conducente;M;Illeso;0;;;
5013660;20;03/08/2020 20:55:00;Provinciale entro l'abitato;VIA TIBERINA;in corrispondenza;;del civico n.;F.C. 29;;Scontro frontale/laterale DX fra veicoli in marcia;Rettilineo;Una carreggiata a doppio senso;Asciutto;Asfaltata;Verticale ed orizzontale;Sereno;Normale;Sufficiente;;0;0;0;2;12.4984;42.0028;-1;2;Autocaravan;In marcia / fermata / arresto;Conducente;M;Illeso;0;;;
5013661;12;03/08/2020 20:45:00;Strada Urbana;VIALE DELLA MUSICA;da specificare;;;;fronte civ 40;Scontro laterale fra veicoli in marcia;Rettilineo;Una carreggiata a doppio senso;Asciutto;Asfaltata;Verticale ed orizzontale;Sereno;Scarso;Buona;;1;1;0;1;12.4782;41.833;-1;1;Autovettura privata;In marcia / fermata / arresto;Conducente;M;Illeso;0;;;Esploso
5013661;12;03/08/2020 20:45:00;Strada Urbana;VIALE DELLA MUSICA;da specificare;;;;fronte civ 40;Scontro laterale fra veicoli in marcia;Rettilineo;Una carreggiata a doppio senso;Asciutto;Asfaltata;Verticale ed orizzontale;Sereno;Scarso;Buona;;1;1;0;1;12.4782;41.833;-1;1;Autovettura privata;In marcia / fermata / arresto;Passeggero;F;Rimandato;0;NON DECEDUTO;Utilizzato;Esploso
5013661;12;03/08/2020 20:45:00;Strada Urbana;VIALE DELLA MUSICA;da specificare;;;;fronte civ 40;Scontro laterale fra veicoli in marcia;Rettilineo;Una carreggiata a doppio senso;Asciutto;Asfaltata;Verticale ed orizzontale;Sereno;Scarso;Buona;;1;1;0;1;12.4782;41.833;-1;2;Autovettura privata;In marcia / fermata / arresto;Conducente;M;Prognosi riservata;0;NON DECEDUTO;Non accertato;Esploso
5013665;8;03/08/2020 19:05:00;Provinciale entro l'abitato;VIA PRENESTINA;in prossimit�;;del civico n.;1524;;Tamponamento Multiplo;Rettilineo;Una carreggiata a doppio senso;Asciutto;Asfaltata;Orizzontale;Sereno;Normale;Buona;;1;0;0;1;;;0;1;Autovettura privata;In marcia / fermata / arresto;Conducente;M;Illeso;0;;;
5013665;8;03/08/2020 19:05:00;Provinciale entro l'abitato;VIA PRENESTINA;in prossimit�;;del civico n.;1524;;Tamponamento Multiplo;Rettilineo;Una carreggiata a doppio senso;Asciutto;Asfaltata;Orizzontale;Sereno;Normale;Buona;;1;0;0;1;;;0;2;Autovettura privata;In marcia / fermata / arresto;Conducente;F;Rimandato;0;NON DECEDUTO;;
5013665;8;03/08/2020 19:05:00;Provinciale entro l'abitato;VIA PRENESTINA;in prossimit�;;del civico n.;1524;;Tamponamento Multiplo;Rettilineo;Una carreggiata a doppio senso;Asciutto;Asfaltata;Orizzontale;Sereno;Normale;Buona;;1;0;0;1;;;0;3;Autovettura privata;In marcia / fermata / arresto;;;;;;;
5013670;8;03/08/2020 19:10:00;Strada Urbana;VIALE DEI ROMANISTI;all'intersezione con;VIA DI TORRE SPACCATA;VIA DI TORRE SPACCATA;;;Scontro frontale/laterale SX fra veicoli in marcia;Intersezione semaforizzata;Una carreggiata a doppio senso;Asciutto;Asfaltata;Orizzontale;Sereno;Normale;Buona;;0;0;0;2;12.5774;41.8675;-1;1;Autovettura privata;In marcia / fermata / arresto;Conducente;M;Illeso;0;;;
5013670;8;03/08/2020 19:10:00;Strada Urbana;VIALE DEI ROMANISTI;all'intersezione con;VIA DI TORRE SPACCATA;VIA DI TORRE SPACCATA;;;Scontro frontale/laterale SX fra veicoli in marcia;Intersezione semaforizzata;Una carreggiata a doppio senso;Asciutto;Asfaltata;Orizzontale;Sereno;Normale;Buona;;0;0;0;2;12.5774;41.8675;-1;2;Autovettura privata;In marcia / fermata / arresto;Conducente;F;Illeso;0;;;
5013671;10;03/08/2020 12:50:00;Strada Urbana;VIA TUSCOLANA;all'intersezione con;VIA SESTIO CALVINO;VIA SESTIO CALVINO;;;Scontro laterale fra veicoli in marcia;Incrocio;Due carreggiate;Asciutto;Asfaltata;Verticale ed orizzontale;Sereno;Normale;Sufficiente;;1;0;0;0;12.5662;41.8545;-1;1;Monopattino elettrico;In marcia / fermata / arresto;Conducente;F;Rimandato;0;NON DECEDUTO;Non accertato;Inesploso
5013671;10;03/08/2020 12:50:00;Strada Urbana;VIA TUSCOLANA;all'intersezione con;VIA SESTIO CALVINO;VIA SESTIO CALVINO;;;Scontro laterale fra veicoli in marcia;Incrocio;Due carreggiate;Asciutto;Asfaltata;Verticale ed orizzontale;Sereno;Normale;Sufficiente;;1;0;0;0;12.5662;41.8545;-1;2;Autovettura privata;Allontanatosi;;;;;;;
5013673;20;03/08/2020 11:45:00;Strada Urbana;VIALE MAURIZIO BARENDSON;da specificare;;;;intersezione rampa via Flaminia direzione G.R.A.;Scontro frontale/laterale SX fra veicoli in marcia;Rettilineo;Una carreggiata a doppio senso;Asciutto;Asfaltata;Verticale ed orizzontale;Sereno;Normale;Sufficiente;;2;0;0;0;12.4949;41.9755;-1;1;Motociclo a solo;In marcia / fermata / arresto;Conducente;M;Rimandato;0;NON DECEDUTO;;
5013673;20;03/08/2020 11:45:00;Strada Urbana;VIALE MAURIZIO BARENDSON;da specificare;;;;intersezione rampa via Flaminia direzione G.R.A.;Scontro frontale/laterale SX fra veicoli in marcia;Rettilineo;Una carreggiata a doppio senso;Asciutto;Asfaltata;Verticale ed orizzontale;Sereno;Normale;Sufficiente;;2;0;0;0;12.4949;41.9755;-1;2;Autovettura privata;In marcia / fermata / arresto;Conducente;M;Rimandato;0;NON DECEDUTO;Non accertato;
5013674;10;03/08/2020 20:03:00;Strada Urbana;VIA DELLA MARRANELLA DI MARINO;in corrispondenza;;del civico n.;83;;Veicolo in marcia contro ostacolo fisso;Rettilineo;Una carreggiata a senso unico di marcia;Asciutto;Asfaltata;Verticale ed orizzontale;Sereno;Scarso;Buona;;0;0;0;1;12.6032;41.8102;-1;1;Autovettura privata;In marcia / fermata / arresto;Conducente;M;Illeso;0;;Non accertato;Esploso
5013681;17;03/08/2020 01:15:00;Strada Urbana;VIA SAN MARTINO DELLA BATTAGLIA;all'intersezione semaforizzata con;VIA PALESTRO;VIA PALESTRO;;;Investimento di pedone;Intersezione semaforizzata;Una carreggiata a doppio senso;Asciutto;Asfaltata;Verticale ed orizzontale;Sereno;Scarso;Buona;;1;0;0;1;12.5045;41.9056;-1;;;;Pedone;M;Rimandato;0;NON DECEDUTO;;
5013681;17;03/08/2020 01:15:00;Strada Urbana;VIA SAN MARTINO DELLA BATTAGLIA;all'intersezione semaforizzata con;VIA PALESTRO;VIA PALESTRO;;;Investimento di pedone;Intersezione semaforizzata;Una carreggiata a doppio senso;Asciutto;Asfaltata;Verticale ed orizzontale;Sereno;Scarso;Buona;;1;0;0;1;12.5045;41.9056;-1;1;Autovettura privata;In marcia / fermata / arresto;Conducente;M;Illeso;0;;;
5013685;20;04/08/2020 00:45:00;Strada Urbana;VIA MULAZZANO;in corrispondenza;;del civico n.;42;;Veicolo in marcia contro ostacolo fisso;Rettilineo;Una carreggiata a doppio senso;Asciutto;Asfaltata;Assente;Sereno;Normale;Sufficiente;;0;0;0;1;12.4705;42.036;-1;1;Autovettura privata;In marcia / fermata / arresto;Conducente;M;Illeso;0;;;
5013686;13;03/08/2020 17:00:00;Strada Urbana;CORSO REGINA MARIA PIA;in prossimit�;;del civico n.;89;;Veicolo in marcia contro veicoli in sosta;Rettilineo;Una carreggiata a doppio senso;Asciutto;Asfaltata;Orizzontale;Sereno;Normale;Buona;;0;0;0;1;12.2867;41.7289;-1;1;Autovettura privata;In marcia / fermata / arresto;Conducente;M;Illeso;0;;Non accertato;Esploso