Protocollo;Gruppo;DataOraIncidente;Localizzazione1;STRADA1;Localizzazione2;STRADA2;Strada02;Chilometrica;DaSpecificare;NaturaIncidente;particolaritastrade;TipoStrada;FondoStradale;Pavimentazione;Segnaletica;CondizioneAtmosferica;Traffico;Visibilita;Illuminazione;NUM_FERITI;NUM_RISERVATA;NUM_MORTI;NUM_ILLESI;Longitudine;Latitudine;Confermato;Progressivo;TipoVeicolo;StatoVeicolo;TipoPersona;Sesso;Tipolesione;Deceduto;DecedutoDopo;CinturaCascoUtilizzato;Airbag;
5013955;1;03/08/2020 20:15:00;Strada Urbana;VIA NICOLA ZABAGLIA;all'intersezione con;VIA GIOVANNI BATTISTA BODONI;VIA GIOVANNI BATTISTA BODONI;;;Scontro frontale fra veicoli in marcia;Intersezione stradale segnalata;Una carreggiata a doppio senso;Asciutto;Asfaltata;Verticale ed orizzontale;Sereno;Scarso;Buona;;1;0;0;3;12.4762;41.8771;-1;1;Autovettura privata;In marcia / fermata / arresto;Passeggero;F;Illeso;0;;Non accertato;Inesistente
5013955;1;03/08/2020 20:15:00;Strada Urbana;VIA NICOLA ZABAGLIA;all'intersezione con;VIA GIOVANNI BATTISTA BODONI;VIA GIOVANNI BATTISTA BODONI;;;Scontro frontale fra veicoli in marcia;Intersezione stradale segnalata;Una carreggiata a doppio senso;Asciutto;Asfaltata;Verticale ed orizzontale;Sereno;Scarso;Buona;;1;0;0;3;12.4762;41.8771;-1;2;Motociclo a solo;In marcia / fermata / arresto;Conducente;M;Rimandato;0;NON DECEDUTO;Non accertato;
5013957;19;03/08/2020 19:00:00;Strada Urbana;VIA DELLA BALDUINA;all'intersezione con;PIAZZA MADONNA DEL CENACOLO;PIAZZA MADONNA DEL CENACOLO;;;Investimento di pedone;Rotatoria;Una carreggiata a doppio senso;Asciutto;Asfaltata;Verticale ed orizzontale;Sereno;Scarso;Buona;;1;0;0;1;12.4394;41.925;-1;;;;Pedone;M;Rimandato;0;NON DECEDUTO;;
5013957;19;03/08/2020 19:00:00;Strada Urbana;VIA DELLA BALDUINA;all'intersezione con;PIAZZA MADONNA DEL CENACOLO;PIAZZA MADONNA DEL CENACOLO;;;Investimento di pedone;Rotatoria;Una carreggiata a doppio senso;Asciutto;Asfaltata;Verticale ed orizzontale;Sereno;Scarso;Buona;;1;0;0;1;12.4394;41.925;-1;1;Autovettura privata;In marcia / fermata / arresto;Conducente;F;Illeso;0;;;
5013958;1;03/08/2020 18:20:00;Strada Urbana;VIA ALESSANDRO VOLTA;in prossimit�;;del civico n.;41;;Veicolo in marcia contro ostacolo accidentale;Rettilineo;Una carreggiata a senso unico di marcia;Asciutto;Asfaltata;Verticale ed orizzontale;Sereno;Scarso;Buona;;1;0;0;0;12.4762;41.8783;-1;1;Monopattino elettrico;In marcia / fermata / arresto;Conducente;M;Rifiuta cure immediate;0;NON DECEDUTO;Non accertato;Inesploso
5013967;17;03/08/2020 18:20:00;Strada Urbana;VIA DEGLI SCIPIONI;all'intersezione con;VIA VIRGINIO ORSINI;VIA VIRGINIO ORSINI;;;Scontro frontale/laterale SX fra veicoli in marcia;Intersezione stradale segnalata;Una carreggiata a doppio senso;Asciutto;Asfaltata;Verticale ed orizzontale;Sereno;Scarso;Buona;;2;0;0;2;12.4691;41.9113;0;1;Autovettura privata;In marcia / fermata / arresto;Conducente;F;Illeso;0;;;
5013967;17;03/08/2020 18:20:00;Strada Urbana;VIA DEGLI SCIPIONI;all'intersezione con;VIA VIRGINIO ORSINI;VIA VIRGINIO ORSINI;;;Scontro frontale/laterale SX fra veicoli in marcia;Intersezione stradale segnalata;Una carreggiata a doppio senso;Asciutto;Asfaltata;Verticale ed orizzontale;Sereno;Scarso;Buona;;2;0;0;2;12.4691;41.9113;0;1;Autovettura privata;In marcia / fermata / arresto;Passeggero;M;Illeso;0;;;
5013967;17;03/08/2020 18:20:00;Strada Urbana;VIA DEGLI SCIPIONI;all'intersezione con;VIA VIRGINIO ORSINI;VIA VIRGINIO ORSINI;;;Scontro frontale/laterale SX fra veicoli in marcia;Intersezione stradale segnalata;Una carreggiata a doppio senso;Asciutto;Asfaltata;Verticale ed orizzontale;Sereno;Scarso;Buona;;2;0;0;2;12.4691;41.9113;0;1;Autovettura privata;In marcia / fermata / arresto;Passeggero;F;Rimandato;0;NON DECEDUTO;;
5013967;17;03/08/2020 18:20:00;Strada Urbana;VIA DEGLI SCIPIONI;all'intersezione con;VIA VIRGINIO ORSINI;VIA VIRGINIO ORSINI;;;Scontro frontale/laterale SX fra veicoli in marcia;Intersezione stradale segnalata;Una carreggiata a doppio senso;Asciutto;Asfaltata;Verticale ed orizzontale;Sereno;Scarso;Buona;;2;0;0;2;12.4691;41.9113;0;2;Autovettura privata;In marcia / fermata / arresto;Conducente;M;Rifiuta cure immediate;0;NON DECEDUTO;;
5013969;1;04/08/2020 07:15:00;Strada Urbana;VIALE GUIDO BACCELLI;da specificare;;;;altezza VIA ANTONINA;Veicolo in marcia contro ostacolo accidentale;Curva a visuale libera;Una carreggiata a doppio senso;Asciutto;Asfaltata;Verticale ed orizzontale;Nuvoloso;Normale;Buona;;1;0;0;0;12.4925;41.8769;-1;1;Motociclo a solo;In marcia / fermata / arresto;Conducente;M;Rimandato;0;NON DECEDUTO;Non accertato;
5013974;7;03/08/2020 15:30:00;Strada Urbana;VIA DAMETA;in corrispondenza;;del civico n.;31;;Tamponamento;Rettilineo;Una carreggiata a senso unico di marcia;Asciutto;Asfaltata;Orizzontale;Sereno;Normale;Buona;;0;0;0;2;12.608;41.9156;-1;1;Autovettura privata;In marcia / fermata / arresto;Conducente;M;Illeso;0;;Non accertato;Inesploso
5013974;7;03/08/2020 15:30:00;Strada Urbana;VIA DAMETA;in corrispondenza;;del civico n.;31;;Tamponamento;Rettilineo;Una carreggiata a senso unico di marcia;Asciutto;Asfaltata;Orizzontale;Sereno;Normale;Buona;;0;0;0;2;12.608;41.9156;-1;2;Autocarro inferiore 35 q.;In marcia / fermata / arresto;Conducente;M;Illeso;0;;Non accertato;Inesploso
5014005;19;03/08/2020 18:00:00;Strada Urbana;VIA ANDREA BARBATO;in prossimit�;;del civico n.;31;;Scontro frontale/laterale SX fra veicoli in marcia;Rettilineo;Una carreggiata a senso unico di marcia;Asciutto;Asfaltata;Assente;Sereno;Normale;Buona;;0;0;0;3;12.4005;41.9295;-1;1;Autovettura privata;In marcia / fermata / arresto;Conducente;M;Illeso;0;;Non accertato;Inesploso
5014005;19;03/08/2020 18:00:00;Strada Urbana;VIA ANDREA BARBATO;in prossimit�;;del civico n.;31;;Scontro frontale/laterale SX fra veicoli in marcia;Rettilineo;Una carreggiata a senso unico di marcia;Asciutto;Asfaltata;Assente;Sereno;Normale;Buona;;0;0;0;3;12.4005;41.9295;-1;2;Autovettura privata;In marcia / fermata / arresto;Conducente;F;Illeso;0;;Non accertato;Inesploso
5014005;19;03/08/2020 18:00:00;Strada Urbana;VIA ANDREA BARBATO;in prossimit�;;del civico n.;31;;Scontro frontale/laterale SX fra veicoli in marcia;Rettilineo;Una carreggiata a senso unico di marcia;Asciutto;Asfaltata;Assente;Sereno;Normale;Buona;;0;0;0;3;12.4005;41.9295;-1;2;Autovettura privata;In marcia / fermata / arresto;Passeggero;M;Illeso;0;;Non accertato;Inesploso
5014086;7;03/08/2020 10:30:00;Strada Urbana;VIALE GIORGIO DE CHIRICO;da specificare;;;;altezza intersezione via Prenestina;Scontro laterale fra veicoli in marcia;Rettilineo;Due carreggiate;Asciutto;Asfaltata;Verticale ed orizzontale;Sereno;Normale;Buona;;0;0;0;4;12.5874;41.8987;-1;1;Autovettura privata;In marcia / fermata / arresto;Conducente;M;Illeso;0;;Non accertato;Inesploso
5014086;7;03/08/2020 10:30:00;Strada Urbana;VIALE GIORGIO DE CHIRICO;da specificare;;;;altezza intersezione via Prenestina;Scontro laterale fra veicoli in marcia;Rettilineo;Due carreggiate;Asciutto;Asfaltata;Verticale ed orizzontale;Sereno;Normale;Buona;;0;0;0;4;12.5874;41.8987;-1;1;Autovettura privata;In marcia / fermata / arresto;Passeggero;M;Illeso;0;;Non accertato;Inesploso
5014086;7;03/08/2020 10:30:00;Strada Urbana;VIALE GIORGIO DE CHIRICO;da specificare;;;;altezza intersezione via Prenestina;Scontro laterale fra veicoli in marcia;Rettilineo;Due carreggiate;Asciutto;Asfaltata;Verticale ed orizzontale;Sereno;Normale;Buona;;0;0;0;4;12.5874;41.8987;-1;1;Autovettura privata;In marcia / fermata / arresto;Passeggero;F;Illeso;0;;Non accertato;Inesploso
5014086;7;03/08/2020 10:30:00;Strada Urbana;VIALE GIORGIO DE CHIRICO;da specificare;;;;altezza intersezione via Prenestina;Scontro laterale fra veicoli in marcia;Rettilineo;Due carreggiate;Asciutto;Asfaltata;Verticale ed orizzontale;Sereno;Normale;Buona;;0;0;0;4;12.5874;41.8987;-1;2;Autovettura privata;In marcia / fermata / arresto;Conducente;M;Illeso;0;;Non accertato;Inesploso
5014087;19;03/08/2020 19:00:00;Strada Urbana;VIA FEDERICO BORROMEO;da specificare;;;;via angelo mai f.c. 52;Veicolo in marcia contro veicolo fermo;Rettilineo;Una carreggiata a doppio senso;Asciutto;Asfaltata;Assente;Sereno;Normale;Buona;;1;0;0;1;12.415;41.9167;-1;1;Autovettura privata;Sosta;;;;;;;
5014087;19;03/08/2020 19:00:00;Strada Urbana;VIA FEDERICO BORROMEO;da specificare;;;;via angelo mai f.c. 52;Veicolo in marcia contro veicolo fermo;Rettilineo;Una carreggiata a doppio senso;Asciutto;Asfaltata;Assente;Sereno;Normale;Buona;;1;0;0;1;12.415;41.9167;-1;2;Autovettura privata;In marcia / fermata / arresto;Conducente;M;Illeso;0;;;
5014087;19;03/08/2020 19:00:00;Strada Urbana;VIA FEDERICO BORROMEO;da specificare;;;;via angelo mai f.c. 52;Veicolo in marcia contro veicolo fermo;Rettilineo;Una carreggiata a doppio senso;Asciutto;Asfaltata;Assente;Sereno;Normale;Buona;;1;0;0;1;12.415;41.9167;-1;3;Velocipede;In marcia / fermata / arresto;Conducente;M;Rimandato;0;NON DECEDUTO;Esente;
5014089;12;03/08/2020 16:00:00;Strada Urbana;VIA LAURENTINA;da specificare;;;;rotatoria Via di Tor Pagnotta;Scontro frontale fra veicoli in marcia;Rotatoria;Una carreggiata a senso unico di marcia;Asciutto;Asfaltata;Verticale ed orizzontale;Sereno;Normale;Buona;;0;0;0;3;12.4824;41.8036;-1;1;Autocarro inferiore 35 q.;In marcia / fermata / arresto;Conducente;M;Illeso;0;;Non accertato;Inesploso
5014089;12;03/08/2020 16:00:00;Strada Urbana;VIA LAURENTINA;da specificare;;;;rotatoria Via di Tor Pagnotta;Scontro frontale fra veicoli in marcia;Rotatoria;Una carreggiata a senso unico di marcia;Asciutto;Asfaltata;Verticale ed orizzontale;Sereno;Normale;Buona;;0;0;0;3;12.4824;41.8036;-1;1;Autocarro inferiore 35 q.;In marcia / fermata / arresto;Passeggero;M;Illeso;0;;Non accertato;Inesploso
5014089;12;03/08/2020 16:00:00;Strada Urbana;VIA LAURENTINA;da specificare;;;;rotatoria Via di Tor Pagnotta;Scontro frontale fra veicoli in marcia;Rotatoria;Una carreggiata a senso unico di marcia;Asciutto;Asfaltata;Verticale ed orizzontale;Sereno;Normale;Buona;;0;0;0;3;12.4824;41.8036;-1;2;Autovettura privata;In marcia / fermata / arresto;Conducente;F;Illeso;0;;Non accertato;Inesploso
5014248;12;03/08/2020 18:25:00;Strada Urbana;VIA DI VALLERANELLO;all'intersezione con;VIA ERMETE ZACCONI;VIA ERMETE ZACCONI;;;Scontro frontale/laterale DX fra veicoli in marcia;Incrocio;Una carreggiata a doppio senso;Asciutto;Asfaltata;Verticale ed orizzontale;Sereno;Normale;Buona;;1;0;0;1;12.4572;41.7942;-1;1;Motociclo a solo;In marcia / fermata / arresto;Conducente;M;Rifiuta cure immediate;0;NON DECEDUTO;Utilizzato;
5014248;12;03/08/2020 18:25:00;Strada Urbana;VIA DI VALLERANELLO;all'intersezione con;VIA ERMETE ZACCONI;VIA ERMETE ZACCONI;;;Scontro frontale/laterale DX fra veicoli in marcia;Incrocio;Una carreggiata a doppio senso;Asciutto;Asfaltata;Verticale ed orizzontale;Sereno;Normale;Buona;;1;0;0;1;12.4572;41.7942;-1;2;Autovettura privata;In marcia / fermata / arresto;Conducente;F;Illeso;0;;Utilizzato;Inesploso
5014314;13;04/08/2020 00:10:00;Strada Urbana;VIALE DI CASTEL PORZIANO;in prossimit�;;del civico n.;368;;Scontro frontale fra veicoli in marcia;Rettilineo;Una carreggiata a doppio senso;Asciutto;Asfaltata;Verticale ed orizzontale;Sereno;Normale;Buona;;1;0;0;3;12.3595;41.7342;-1;1;Autovettura privata;In marcia / fermata / arresto;Conducente;M;Rimandato;0;NON DECEDUTO;Non accertato;
5014314;13;04/08/2020 00:10:00;Strada Urbana;VIALE DI CASTEL PORZIANO;in prossimit�;;del civico n.;368;;Scontro frontale fra veicoli in marcia;Rettilineo;Una carreggiata a doppio senso;Asciutto;Asfaltata;Verticale ed orizzontale;Sereno;Normale;Buona;;1;0;0;3;12.3595;41.7342;-1;1;Autovettura privata;In marcia / fermata / arresto;Passeggero;M;Illeso;0;;Non accertato;Inesploso
5014314;13;04/08/2020 00:10:00;Strada Urbana;VIALE DI CASTEL PORZIANO;in prossimit�;;del civico n.;368;;Scontro frontale fra veicoli in marcia;Rettilineo;Una carreggiata a doppio senso;Asciutto;Asfaltata;Verticale ed orizzontale;Sereno;Normale;Buona;;1;0;0;3;12.3595;41.7342;-1;2;Autovettura privata;In marcia / fermata / arresto;Conducente;F;Illeso;0;;Non accertato;Inesploso
5014314;13;04/08/2020 00:10:00;Strada Urbana;VIALE DI CASTEL PORZIANO;in prossimit�;;del civico n.;368;;Scontro frontale fra veicoli in marcia;Rettilineo;Una carreggiata a doppio senso;Asciutto;Asfaltata;Verticale ed orizzontale;Sereno;Normale;Buona;;1;0;0;3;12.3595;41.7342;-1;2;Autovettura privata;In marcia / fermata / arresto;Passeggero;F;Illeso;0;;Non accertato;Inesploso
5014318;17;04/08/2020 00:20:00;Strada Urbana;VIA CICERONE;all'intersezione con;VIA ENNIO QUIRINO VISCONTI;VIA ENNIO QUIRINO VISCONTI;;;Scontro frontale/laterale DX fra veicoli in marcia;Intersezione stradale segnalata;Due carreggiate;Asciutto;Asfaltata;Verticale ed orizzontale;Sereno;Scarso;Insufficiente;;2;0;0;1;12.4686;41.9072;-1;1;Autobus di linea;In marcia / fermata / arresto;Conducente;M;Illeso;0;;;
5014318;17;04/08/2020 00:20:00;Strada Urbana;VIA CICERONE;all'intersezione con;VIA ENNIO QUIRINO VISCONTI;VIA ENNIO QUIRINO VISCONTI;;;Scontro frontale/laterale DX fra veicoli in marcia;Intersezione stradale segnalata;Due carreggiate;Asciutto;Asfaltata;Verticale ed orizzontale;Sereno;Scarso;Insufficiente;;2;0;0;1;12.4686;41.9072;-1;2;Autoveicolo trasp.promisc.;In marcia / fermata / arresto;Conducente;F;Rimandato;0;NON DECEDUTO;;
5014318;17;04/08/2020 00:20:00;Strada Urbana;VIA CICERONE;all'intersezione con;VIA ENNIO QUIRINO VISCONTI;VIA ENNIO QUIRINO VISCONTI;;;Scontro frontale/laterale DX fra veicoli in marcia;Intersezione stradale segnalata;Due carreggiate;Asciutto;Asfaltata;Verticale ed orizzontale;Sereno;Scarso;Insufficiente;;2;0;0;1;12.4686;41.9072;-1;2;Autoveicolo trasp.promisc.;In marcia / fermata / arresto;Passeggero;F;Rimandato;0;NON DECEDUTO;;
5014355;15;04/08/2020 10:20:00;Strada Urbana;VIA ODERISI DA GUBBIO;in corrispondenza;;del civico n.;215;;Scontro laterale fra veicoli in marcia;Rettilineo;Una carreggiata a doppio senso;Asciutto;Asfaltata;Verticale ed orizzontale;Sereno;Intenso;Buona;;0;0;0;2;12.4646;41.8636;-1;1;Autovettura privata;In marcia / fermata / arresto;Conducente;M;Illeso;0;;Non accertato;Inesploso
5014355;15;04/08/2020 10:20:00;Strada Urbana;VIA ODERISI DA GUBBIO;in corrispondenza;;del civico n.;215;;Scontro laterale fra veicoli in marcia;Rettilineo;Una carreggiata a doppio senso;Asciutto;Asfaltata;Verticale ed orizzontale;Sereno;Intenso;Buona;;0;0;0;2;12.4646;41.8636;-1;2;Autovettura privata;In marcia / fermata / arresto;Conducente;F;Illeso;0;;Non accertato;Inesploso
5014481;9;04/08/2020 13:30:00;Strada Urbana;PIAZZA EPIRO;da specificare;;;;prossimit� VIA MAURITANIA;Scontro frontale/laterale SX fra veicoli in marcia;Rettilineo;Una carreggiata a senso unico di marcia;Asciutto;Asfaltata;Verticale ed orizzontale;Sereno;Scarso;Buona;;1;0;0;1;12.5043;41.8784;-1;1;Autovettura privata;In marcia / fermata / arresto;Conducente;M;Illeso;0;;Non accertato;Inesploso
5014481;9;04/08/2020 13:30:00;Strada Urbana;PIAZZA EPIRO;da specificare;;;;prossimit� VIA MAURITANIA;Scontro frontale/laterale SX fra veicoli in marcia;Rettilineo;Una carreggiata a senso unico di marcia;Asciutto;Asfaltata;Verticale ed orizzontale;Sereno;Scarso;Buona;;1;0;0;1;12.5043;41.8784;-1;2;Motociclo a solo;In marcia / fermata / arresto;Conducente;M;Rimandato;0;NON DECEDUTO;;
5014606;6;04/08/2020 18:45:00;Strada Urbana;VIA TOR DE' SCHIAVI;in prossimit�;;del civico n.;320/B;;Tamponamento;Rettilineo;Due carreggiate;Asciutto;Asfaltata;Verticale ed orizzontale;Sereno;Intenso;Buona;;0;0;0;3;12.5608;41.8905;-1;1;Autocarro inferiore 35 q.;In marcia / fermata / arresto;Conducente;M;Illeso;0;;;
5014606;6;04/08/2020 18:45:00;Strada Urbana;VIA TOR DE' SCHIAVI;in prossimit�;;del civico n.;320/B;;Tamponamento;Rettilineo;Due carreggiate;Asciutto;Asfaltata;Verticale ed orizzontale;Sereno;Intenso;Buona;;0;0;0;3;12.5608;41.8905;-1;1;Autocarro inferiore 35 q.;In marcia / fermata / arresto;Passeggero;M;Illeso;0;;;Inesploso
5014606;6;04/08/2020 18:45:00;Strada Urbana;VIA TOR DE' SCHIAVI;in prossimit�;;del civico n.;320/B;;Tamponamento;Rettilineo;Due carreggiate;Asciutto;Asfaltata;Verticale ed orizzontale;Sereno;Intenso;Buona;;0;0;0;3;12.5608;41.8905;-1;2;Autovettura privata;In marcia / fermata / arresto;Conducente;F;Illeso;0;;;
5014607;16;04/08/2020 11:40:00;Strada Urbana;VIA BERNARDINO RAMAZZINI;all'intersezione con;VIA DI VAL TELLINA;VIA DI VAL TELLINA;;;Scontro frontale fra veicoli in marcia;Incrocio;Una carreggiata a doppio senso;Asciutto;Asfaltata;Verticale ed orizzontale;Sereno;Normale;Buona;;1;0;0;7;12.4505;41.8666;-1;1;Autovettura privata;In marcia / fermata / arresto;Conducente;F;Illeso;0;;Non accertato;
5014607;16;04/08/2020 11:40:00;Strada Urbana;VIA BERNARDINO RAMAZZINI;all'intersezione con;VIA DI VAL TELLINA;VIA DI VAL TELLINA;;;Scontro frontale fra veicoli in marcia;Incrocio;Una carreggiata a doppio senso;Asciutto;Asfaltata;Verticale ed orizzontale;Sereno;Normale;Buona;;1;0;0;7;12.4505;41.8666;-1;1;Autovettura privata;In marcia / fermata / arresto;Passeggero;F;Rimandato;0;NON DECEDUTO;Non accertato;
5014607;16;04/08/2020 11:40:00;Strada Urbana;VIA BERNARDINO RAMAZZINI;all'intersezione con;VIA DI VAL TELLINA;VIA DI VAL TELLINA;;;Scontro frontale fra veicoli in marcia;Incrocio;Una carreggiata a doppio senso;Asciutto;Asfaltata;Verticale ed orizzontale;Sereno;Normale;Buona;;1;0;0;7;12.4505;41.8666;-1;1;Autovettura privata;In marcia / fermata / arresto;Passeggero;F;Illeso;0;;Non accertato;
5014607;16;04/08/2020 11:40:00;Strada Urbana;VIA BERNARDINO RAMAZZINI;all'intersezione con;VIA DI VAL TELLINA;VIA DI VAL TELLINA;;;Scontro frontale fra veicoli in marcia;Incrocio;Una carreggiata a doppio senso;Asciutto;Asfaltata;Verticale ed orizzontale;Sereno;Normale;Buona;;1;0;0;7;12.4505;41.8666;-1;1;Autovettura privata;In marcia / fermata / arresto;Passeggero;F;Illeso;0;;;
5014607;16;04/08/2020 11:40:00;Strada Urbana;VIA BERNARDINO RAMAZZINI;all'intersezione con;VIA DI VAL TELLINA;VIA DI VAL TELLINA;;;Scontro frontale fra veicoli in marcia;Incrocio;Una carreggiata a doppio senso;Asciutto;Asfaltata;Verticale ed orizzontale;Sereno;Normale;Buona;;1;0;0;7;12.4505;41.8666;-1;1;Autovettura privata;In marcia / fermata / arresto;Passeggero;F;Illeso;0;;Non accertato;
5014607;16;04/08/2020 11:40:00;Strada Urbana;VIA BERNARDINO RAMAZZINI;all'intersezione con;VIA DI VAL TELLINA;VIA DI VAL TELLINA;;;Scontro frontale fra veicoli in marcia;Incrocio;Una carreggiata a doppio senso;Asciutto;Asfaltata;Verticale ed orizzontale;Sereno;Normale;Buona;;1;0;0;7;12.4505;41.8666;-1;1;Autovettura privata;In marcia / fermata / arresto;Passeggero;F;Illeso;0;;Non accertato;
5014607;16;04/08/2020 11:40:00;Strada Urbana;VIA BERNARDINO RAMAZZINI;all'intersezione con;VIA DI VAL TELLINA;VIA DI VAL TELLINA;;;Scontro frontale fra veicoli in marcia;Incrocio;Una carreggiata a doppio senso;Asciutto;Asfaltata;Verticale ed orizzontale;Sereno;Normale;Buona;;1;0;0;7;12.4505;41.8666;-1;1;Autovettura privata;In marcia / fermata / arresto;Passeggero;F;Illeso;0;;Non accertato;
5014607;16;04/08/2020 11:40:00;Strada Urbana;VIA BERNARDINO RAMAZZINI;all'intersezione con;VIA DI VAL TELLINA;VIA DI VAL TELLINA;;;Scontro frontale fra veicoli in marcia;Incrocio;Una carreggiata a doppio senso;Asciutto;Asfaltata;Verticale ed orizzontale;Sereno;Normale;Buona;;1;0;0;7;12.4505;41.8666;-1;2;Autovettura privata;In marcia / fermata / arresto;Conducente;F;Illeso;0;;Non accertato;
5014625;5;04/08/2020 10:20:00;Strada Urbana;VIA BELMONTE IN SABINA;da specificare;;;;rampa di uscita dal GRA carreggiata esterna;Veicolo in marcia contro veicolo fermo;Rettilineo;Una carreggiata a senso unico di marcia;Asciutto;Asfaltata;Verticale ed orizzontale;Sereno;Normale;Buona;;1;0;0;1;12.5926;41.9455;-1;1;Autovettura privata;In marcia / fermata / arresto;Conducente;M;Rimandato;0;NON DECEDUTO;Non accertato;Inesploso
5014625;5;04/08/2020 10:20:00;Strada Urbana;VIA BELMONTE IN SABINA;da specificare;;;;rampa di uscita dal GRA carreggiata esterna;Veicolo in marcia contro veicolo fermo;Rettilineo;Una carreggiata a senso unico di marcia;Asciutto;Asfaltata;Verticale ed orizzontale;Sereno;Normale;Buona;;1;0;0;1;12.5926;41.9455;-1;2;Autovettura privata;In marcia / fermata / arresto;Conducente;M;Illeso;0;;Non accertato;Inesploso
5014631;5;04/08/2020 16:15:00;Strada Urbana;PIAZZA RICCARDO BALSAMO CRIVELLI;all'intersezione con;VIA DIEGO ANGELI;VIA DIEGO ANGELI;;;Scontro frontale/laterale DX fra veicoli in marcia;Incrocio;Una carreggiata a senso unico di marcia;Asciutto;Asfaltata;Verticale ed orizzontale;Sereno;Intenso;Buona;;2;0;0;2;12.5513;41.9061;-1;1;Autovettura privata;In marcia / fermata / arresto;Conducente;F;Rimandato;0;NON DECEDUTO;Non accertato;Inesploso
5014631;5;04/08/2020 16:15:00;Strada Urbana;PIAZZA RICCARDO BALSAMO CRIVELLI;all'intersezione con;VIA DIEGO ANGELI;VIA DIEGO ANGELI;;;Scontro frontale/laterale DX fra veicoli in marcia;Incrocio;Una carreggiata a senso unico di marcia;Asciutto;Asfaltata;Verticale ed orizzontale;Sereno;Intenso;Buona;;2;0;0;2;12.5513;41.9061;-1;1;Autovettura privata;In marcia / fermata / arresto;Passeggero;M;Rimandato;0;NON DECEDUTO;Non accertato;Inesploso
5014631;5;04/08/2020 16:15:00;Strada Urbana;PIAZZA RICCARDO BALSAMO CRIVELLI;all'intersezione con;VIA DIEGO ANGELI;VIA DIEGO ANGELI;;;Scontro frontale/laterale DX fra veicoli in marcia;Incrocio;Una carreggiata a senso unico di marcia;Asciutto;Asfaltata;Verticale ed orizzontale;Sereno;Intenso;Buona;;2;0;0;2;12.5513;41.9061;-1;2;Autovettura privata;In marcia / fermata / arresto;Conducente;M;Illeso;0;;Non accertato;Inesploso
5014631;5;04/08/2020 16:15:00;Strada Urbana;PIAZZA RICCARDO BALSAMO CRIVELLI;all'intersezione con;VIA DIEGO ANGELI;VIA DIEGO ANGELI;;;Scontro frontale/laterale DX fra veicoli in marcia;Incrocio;Una carreggiata a senso unico di marcia;Asciutto;Asfaltata;Verticale ed orizzontale;Sereno;Intenso;Buona;;2;0;0;2;12.5513;41.9061;-1;2;Autovettura privata;In marcia / fermata / arresto;Passeggero;M;Illeso;0;;Non accertato;Inesploso
5014855;12;04/08/2020 19:50:00;Strada Urbana;VIA FIUME GIALLO;in corrispondenza;;del civico n.;235;;Veicolo in marcia contro veicoli in sosta;Rettilineo;Una carreggiata a senso unico di marcia;Asciutto;Asfaltata;Verticale ed orizzontale;Sereno;Scarso;Buona;;0;0;0;1;12.4319;41.8144;-1;1;Autovettura privata;In marcia / fermata / arresto;Conducente;M;Illeso;0;;Utilizzato;Inesploso
5014855;12;04/08/2020 19:50:00;Strada Urbana;VIA FIUME GIALLO;in corrispondenza;;del civico n.;235;;Veicolo in marcia contro veicoli in sosta;Rettilineo;Una carreggiata a senso unico di marcia;Asciutto;Asfaltata;Verticale ed orizzontale;Sereno;Scarso;Buona;;0;0;0;1;12.4319;41.8144;-1;2;Autovettura privata;Sosta;;;;;;;
5014855;12;04/08/2020 19:50:00;Strada Urbana;VIA FIUME GIALLO;in corrispondenza;;del civico n.;235;;Veicolo in marcia contro veicoli in sosta;Rettilineo;Una carreggiata a senso unico di marcia;Asciutto;Asfaltata;Verticale ed orizzontale;Sereno;Scarso;Buona;;0;0;0;1;12.4319;41.8144;-1;3;Autovettura privata;Sosta;;;;;;;
5014855;12;04/08/2020 19:50:00;Strada Urbana;VIA FIUME GIALLO;in corrispondenza;;del civico n.;235;;Veicolo in marcia contro veicoli in sosta;Rettilineo;Una carreggiata a senso unico di marcia;Asciutto;Asfaltata;Verticale ed orizzontale;Sereno;Scarso;Buona;;0;0;0;1;12.4319;41.8144;-1;4;Ciclomotore;Sosta;;;;;;;
5014855;12;04/08/2020 19:50:00;Strada Urbana;VIA FIUME GIALLO;in corrispondenza;;del civico n.;235;;Veicolo in marcia contro veicoli in sosta;Rettilineo;Una carreggiata a senso unico di marcia;Asciutto;Asfaltata;Verticale ed orizzontale;Sereno;Scarso;Buona;;0;0;0;1;12.4319;41.8144;-1;5;Autovettura privata;Sosta;;;;;;;
5014857;12;04/08/2020 17:50:00;Provinciale;VIA DI PORTA MEDAGLIA;all'intersezione con;VIA DI TORRE S. ANASTASIA;VIA DI TORRE S. ANASTASIA;;;Scontro frontale/laterale SX fra veicoli in marcia;Incrocio;Una carreggiata a doppio senso;Asciutto;Asfaltata;Verticale ed orizzontale;Sereno;Normale;Buona;;0;0;0;2;12.5229;41.7616;-1;1;Autovettura privata;In marcia / fermata / arresto;Conducente;F;Illeso;0;;;
5014857;12;04/08/2020 17:50:00;Provinciale;VIA DI PORTA MEDAGLIA;all'intersezione con;VIA DI TORRE S. ANASTASIA;VIA DI TORRE S. ANASTASIA;;;Scontro frontale/laterale SX fra veicoli in marcia;Incrocio;Una carreggiata a doppio senso;Asciutto;Asfaltata;Verticale ed orizzontale;Sereno;Normale;Buona;;0;0;0;2;12.5229;41.7616;-1;2;Motociclo a solo;In marcia / fermata / arresto;Conducente;M;Illeso;0;;;