Protocollo;Gruppo;DataOraIncidente;Localizzazione1;STRADA1;Localizzazione2;STRADA2;Strada02;Chilometrica;DaSpecificare;NaturaIncidente;particolaritastrade;TipoStrada;FondoStradale;Pavimentazione;Segnaletica;CondizioneAtmosferica;Traffico;Visibilita;Illuminazione;NUM_FERITI;NUM_RISERVATA;NUM_MORTI;NUM_ILLESI;Longitudine;Latitudine;Confermato;Progressivo;TipoVeicolo;StatoVeicolo;TipoPersona;Sesso;Tipolesione;Deceduto;DecedutoDopo;CinturaCascoUtilizzato;Airbag;
5016282;6;05/08/2020 16:30:00;Strada Urbana;VIA DI ACQUA BULLICANTE;in prossimit�;;del civico n.;fr. 329;;Scontro laterale fra veicoli in marcia;Rettilineo;Una carreggiata a doppio senso;Asciutto;Asfaltata;Verticale ed orizzontale;Sereno;Normale;Buona;;1;0;0;1;12.5423;41.8892;-1;1;Motociclo a solo;In marcia / fermata / arresto;Conducente;M;Rifiuta cure immediate;0;NON DECEDUTO;;
5016282;6;05/08/2020 16:30:00;Strada Urbana;VIA DI ACQUA BULLICANTE;in prossimit�;;del civico n.;fr. 329;;Scontro laterale fra veicoli in marcia;Rettilineo;Una carreggiata a doppio senso;Asciutto;Asfaltata;Verticale ed orizzontale;Sereno;Normale;Buona;;1;0;0;1;12.5423;41.8892;-1;2;Motociclo a solo;In marcia / fermata / arresto;Conducente;M;Illeso;0;;;
5016283;6;06/08/2020 07:50:00;Strada Urbana;VIA DI PORTONACCIO;da specificare;;;;altezza via LATINO SILVIO;Scontro frontale/laterale SX fra veicoli in marcia;Rettilineo;Due carreggiate;Asciutto;Asfaltata;Verticale ed orizzontale;Sereno;Normale;Buona;;1;0;0;1;12.5414;41.8955;-1;1;Autovettura privata;In marcia / fermata / arresto;Conducente;M;Rimandato;0;NON DECEDUTO;Non accertato;Esploso
5016283;6;06/08/2020 07:50:00;Strada Urbana;VIA DI PORTONACCIO;da specificare;;;;altezza via LATINO SILVIO;Scontro frontale/laterale SX fra veicoli in marcia;Rettilineo;Due carreggiate;Asciutto;Asfaltata;Verticale ed orizzontale;Sereno;Normale;Buona;;1;0;0;1;12.5414;41.8955;-1;2;Autovettura privata;In marcia / fermata / arresto;Conducente;M;Illeso;0;;Non accertato;Esploso
5016287;4;05/08/2020 19:00:00;Strada Urbana;VIA CARASSAI;all'intersezione con;VIA LELLO MADDALENO;VIA LELLO MADDALENO;;;Scontro laterale fra veicoli in marcia;Incrocio;Una carreggiata a senso unico di marcia;Asciutto;Asfaltata;Verticale ed orizzontale;Sereno;Scarso;Buona;;0;0;0;3;12.516;41.9884;-1;1;Autovettura privata;In marcia / fermata / arresto;Conducente;M;Illeso;0;;;
5016287;4;05/08/2020 19:00:00;Strada Urbana;VIA CARASSAI;all'intersezione con;VIA LELLO MADDALENO;VIA LELLO MADDALENO;;;Scontro laterale fra veicoli in marcia;Incrocio;Una carreggiata a senso unico di marcia;Asciutto;Asfaltata;Verticale ed orizzontale;Sereno;Scarso;Buona;;0;0;0;3;12.516;41.9884;-1;1;Autovettura privata;In marcia / fermata / arresto;Passeggero;F;Illeso;0;;;
5016287;4;05/08/2020 19:00:00;Strada Urbana;VIA CARASSAI;all'intersezione con;VIA LELLO MADDALENO;VIA LELLO MADDALENO;;;Scontro laterale fra veicoli in marcia;Incrocio;Una carreggiata a senso unico di marcia;Asciutto;Asfaltata;Verticale ed orizzontale;Sereno;Scarso;Buona;;0;0;0;3;12.516;41.9884;-1;2;Autovettura privata;In marcia / fermata / arresto;Conducente;M;Illeso;0;;;
5016291;5;05/08/2020 14:25:00;Strada Urbana;VIALE ALTIERO SPINELLI;in prossimit�;;del civico n.;30;;Veicolo in marcia contro veicolo fermo;Rettilineo;Due carreggiate;Asciutto;Asfaltata;Verticale ed orizzontale;Sereno;Scarso;Buona;;1;0;0;1;12.5328;41.9109;-1;1;Motociclo a solo;In marcia / fermata / arresto;Conducente;M;Ricoverato;0;NON DECEDUTO;Non accertato;
5016291;5;05/08/2020 14:25:00;Strada Urbana;VIALE ALTIERO SPINELLI;in prossimit�;;del civico n.;30;;Veicolo in marcia contro veicolo fermo;Rettilineo;Due carreggiate;Asciutto;Asfaltata;Verticale ed orizzontale;Sereno;Scarso;Buona;;1;0;0;1;12.5328;41.9109;-1;2;Macchina operatrice;In marcia / fermata / arresto;Conducente;M;Illeso;0;;;
5016295;1;05/08/2020 05:00:00;Strada Urbana;VIA DEI PIANELLARI;in prossimit�;;del civico n.;7a;;Veicolo in marcia contro ostacolo fisso;Rettilineo;Una carreggiata a senso unico di marcia;Asciutto;In cubetti di porfido;Verticale;Nuvoloso;Scarso;Buona;;0;0;0;1;;;0;1;Autovettura privata;In marcia / fermata / arresto;Conducente;M;Illeso;0;;;
5016304;6;05/08/2020 22:25:00;Strada Urbana;VIA APPIA NUOVA;all'intersezione con;PIAZZA CESARE CANTU';PIAZZA CESARE CANTU';;;Scontro frontale/laterale DX fra veicoli in marcia;Incrocio;Una carreggiata a doppio senso;Asciutto;Asfaltata;Verticale ed orizzontale;Sereno;Scarso;Buona;;2;0;0;1;12.5272;41.8715;-1;1;Autovettura privata;In marcia / fermata / arresto;Conducente;M;Rifiuta cure immediate;0;NON DECEDUTO;;
5016304;6;05/08/2020 22:25:00;Strada Urbana;VIA APPIA NUOVA;all'intersezione con;PIAZZA CESARE CANTU';PIAZZA CESARE CANTU';;;Scontro frontale/laterale DX fra veicoli in marcia;Incrocio;Una carreggiata a doppio senso;Asciutto;Asfaltata;Verticale ed orizzontale;Sereno;Scarso;Buona;;2;0;0;1;12.5272;41.8715;-1;1;Autovettura privata;In marcia / fermata / arresto;Passeggero;M;Illeso;0;;;
5016304;6;05/08/2020 22:25:00;Strada Urbana;VIA APPIA NUOVA;all'intersezione con;PIAZZA CESARE CANTU';PIAZZA CESARE CANTU';;;Scontro frontale/laterale DX fra veicoli in marcia;Incrocio;Una carreggiata a doppio senso;Asciutto;Asfaltata;Verticale ed orizzontale;Sereno;Scarso;Buona;;2;0;0;1;12.5272;41.8715;-1;2;Autovettura privata;In marcia / fermata / arresto;Conducente;M;Rifiuta cure immediate;0;NON DECEDUTO;;
5016307;4;05/08/2020 11:35:00;Strada Urbana;VIA DEI COLLI DELLA SERPENTARA;da specificare;;;;in prossimit� di VIA VIRGILIO TALLI;Scontro laterale fra veicoli in marcia;Curva senza visuale libera;Una carreggiata a doppio senso;Asciutto;Asfaltata;Verticale ed orizzontale;Sereno;Normale;Buona;;0;0;0;2;12.5239;41.9647;-1;1;Autovettura privata;In marcia / fermata / arresto;Conducente;F;Illeso;0;;Non accertato;Inesploso
5016307;4;05/08/2020 11:35:00;Strada Urbana;VIA DEI COLLI DELLA SERPENTARA;da specificare;;;;in prossimit� di VIA VIRGILIO TALLI;Scontro laterale fra veicoli in marcia;Curva senza visuale libera;Una carreggiata a doppio senso;Asciutto;Asfaltata;Verticale ed orizzontale;Sereno;Normale;Buona;;0;0;0;2;12.5239;41.9647;-1;2;Autovettura privata;In marcia / fermata / arresto;Conducente;M;Illeso;0;;Non accertato;Inesploso
5016309;20;05/08/2020 19:20:00;Comunale extraurbana;VIA DELLA STAZIONE DI CESANO;in prossimit�;;del palo luce n.;270;;Veicolo in marcia contro ostacolo fisso;Rettilineo;Una carreggiata a doppio senso;Asciutto;Con buche;Verticale ed orizzontale;Sereno;Scarso;Buona;;0;0;0;1;12.3241;42.0598;-1;1;Autovettura privata;In marcia / fermata / arresto;Conducente;M;Illeso;0;;;
5016317;20;05/08/2020 15:15:00;Provinciale;VIADOTTO GIUBILEO DEL 2000;da specificare;;;;direzione Terni prossimit� Rampa G.R.A.;Tamponamento Multiplo;Rettilineo;Due carreggiate;Asciutto;Asfaltata;Verticale ed orizzontale;Sereno;Intenso;Buona;;0;0;0;7;12.4953;41.989;-1;1;Autovettura privata;In marcia / fermata / arresto;Conducente;M;Illeso;0;;;
5016317;20;05/08/2020 15:15:00;Provinciale;VIADOTTO GIUBILEO DEL 2000;da specificare;;;;direzione Terni prossimit� Rampa G.R.A.;Tamponamento Multiplo;Rettilineo;Due carreggiate;Asciutto;Asfaltata;Verticale ed orizzontale;Sereno;Intenso;Buona;;0;0;0;7;12.4953;41.989;-1;1;Autovettura privata;In marcia / fermata / arresto;Passeggero;F;Illeso;0;;;
5016317;20;05/08/2020 15:15:00;Provinciale;VIADOTTO GIUBILEO DEL 2000;da specificare;;;;direzione Terni prossimit� Rampa G.R.A.;Tamponamento Multiplo;Rettilineo;Due carreggiate;Asciutto;Asfaltata;Verticale ed orizzontale;Sereno;Intenso;Buona;;0;0;0;7;12.4953;41.989;-1;2;Veicolo speciale;In marcia / fermata / arresto;Conducente;M;Illeso;0;;;
5016317;20;05/08/2020 15:15:00;Provinciale;VIADOTTO GIUBILEO DEL 2000;da specificare;;;;direzione Terni prossimit� Rampa G.R.A.;Tamponamento Multiplo;Rettilineo;Due carreggiate;Asciutto;Asfaltata;Verticale ed orizzontale;Sereno;Intenso;Buona;;0;0;0;7;12.4953;41.989;-1;3;Autovettura privata;In marcia / fermata / arresto;Conducente;M;Illeso;0;;;
5016317;20;05/08/2020 15:15:00;Provinciale;VIADOTTO GIUBILEO DEL 2000;da specificare;;;;direzione Terni prossimit� Rampa G.R.A.;Tamponamento Multiplo;Rettilineo;Due carreggiate;Asciutto;Asfaltata;Verticale ed orizzontale;Sereno;Intenso;Buona;;0;0;0;7;12.4953;41.989;-1;3;Autovettura privata;In marcia / fermata / arresto;Passeggero;F;Illeso;0;;;
5016317;20;05/08/2020 15:15:00;Provinciale;VIADOTTO GIUBILEO DEL 2000;da specificare;;;;direzione Terni prossimit� Rampa G.R.A.;Tamponamento Multiplo;Rettilineo;Due carreggiate;Asciutto;Asfaltata;Verticale ed orizzontale;Sereno;Intenso;Buona;;0;0;0;7;12.4953;41.989;-1;4;Autovettura privata;In marcia / fermata / arresto;Conducente;M;Illeso;0;;;
5016317;20;05/08/2020 15:15:00;Provinciale;VIADOTTO GIUBILEO DEL 2000;da specificare;;;;direzione Terni prossimit� Rampa G.R.A.;Tamponamento Multiplo;Rettilineo;Due carreggiate;Asciutto;Asfaltata;Verticale ed orizzontale;Sereno;Intenso;Buona;;0;0;0;7;12.4953;41.989;-1;4;Autovettura privata;In marcia / fermata / arresto;Passeggero;F;Illeso;0;;;
5016353;1;05/08/2020 22:10:00;Strada Urbana;SALITA DEL BUON PASTORE;all'intersezione con;LUNGOTEVERE DELLA FARNESINA;LUNGOTEVERE DELLA FARNESINA;;;Tamponamento;Incrocio;Una carreggiata a senso unico di marcia;Asciutto;Asfaltata;Verticale ed orizzontale;Sereno;Scarso;Insufficiente;;0;0;0;1;12.4666;41.8948;-1;1;Autovettura privata;In marcia / fermata / arresto;Conducente;M;Illeso;0;;Non accertato;Inesploso
5016353;1;05/08/2020 22:10:00;Strada Urbana;SALITA DEL BUON PASTORE;all'intersezione con;LUNGOTEVERE DELLA FARNESINA;LUNGOTEVERE DELLA FARNESINA;;;Tamponamento;Incrocio;Una carreggiata a senso unico di marcia;Asciutto;Asfaltata;Verticale ed orizzontale;Sereno;Scarso;Insufficiente;;0;0;0;1;12.4666;41.8948;-1;2;Autovettura pubblica;In marcia / fermata / arresto;;;;;;;
5016363;9;05/08/2020 20:30:00;;VIA LIDIA;all'intersezione con;PIAZZA ROSELLE;PIAZZA ROSELLE;;;Veicolo in marcia contro veicoli in sosta;;;;;;;;;;0;0;0;1;;;0;1;Autovettura privata;In marcia / fermata / arresto;Conducente;M;Illeso;0;;Non accertato;Inesploso
5016363;9;05/08/2020 20:30:00;;VIA LIDIA;all'intersezione con;PIAZZA ROSELLE;PIAZZA ROSELLE;;;Veicolo in marcia contro veicoli in sosta;;;;;;;;;;0;0;0;1;;;0;2;Autovettura privata;Sosta;;;;;;;
5016388;1;05/08/2020 17:20:00;Strada Urbana;VIA CESARE BATTISTI;in prossimit�;;del civico n.;120;;Scontro laterale fra veicoli in marcia;Rettilineo;Una carreggiata a senso unico di marcia;Asciutto;In cubetti di porfido;Verticale ed orizzontale;Sereno;Normale;Buona;;1;0;0;2;12.4843;41.8971;-1;1;Autovettura privata;In marcia / fermata / arresto;Conducente;M;Illeso;0;;Non accertato;Inesploso
5016388;1;05/08/2020 17:20:00;Strada Urbana;VIA CESARE BATTISTI;in prossimit�;;del civico n.;120;;Scontro laterale fra veicoli in marcia;Rettilineo;Una carreggiata a senso unico di marcia;Asciutto;In cubetti di porfido;Verticale ed orizzontale;Sereno;Normale;Buona;;1;0;0;2;12.4843;41.8971;-1;1;Autovettura privata;In marcia / fermata / arresto;Passeggero;F;Illeso;0;;Non accertato;Inesploso
5016388;1;05/08/2020 17:20:00;Strada Urbana;VIA CESARE BATTISTI;in prossimit�;;del civico n.;120;;Scontro laterale fra veicoli in marcia;Rettilineo;Una carreggiata a senso unico di marcia;Asciutto;In cubetti di porfido;Verticale ed orizzontale;Sereno;Normale;Buona;;1;0;0;2;12.4843;41.8971;-1;2;Motociclo a solo;In marcia / fermata / arresto;Conducente;M;Rifiuta cure immediate;0;NON DECEDUTO;Non accertato;
5016392;2;06/08/2020 06:55:00;Strada Urbana;VIALE BRUNO BUOZZI;in prossimit�;;del civico n.;107/a;;Scontro frontale/laterale DX fra veicoli in marcia;Rettilineo;Una carreggiata a doppio senso;Asciutto;Asfaltata;Verticale ed orizzontale;Sereno;Scarso;Buona;;0;0;0;3;12.4811;41.9211;-1;1;Autovettura privata;In marcia / fermata / arresto;Conducente;M;Illeso;0;;;
5016392;2;06/08/2020 06:55:00;Strada Urbana;VIALE BRUNO BUOZZI;in prossimit�;;del civico n.;107/a;;Scontro frontale/laterale DX fra veicoli in marcia;Rettilineo;Una carreggiata a doppio senso;Asciutto;Asfaltata;Verticale ed orizzontale;Sereno;Scarso;Buona;;0;0;0;3;12.4811;41.9211;-1;1;Autovettura privata;In marcia / fermata / arresto;Passeggero;M;Illeso;0;;;
5016392;2;06/08/2020 06:55:00;Strada Urbana;VIALE BRUNO BUOZZI;in prossimit�;;del civico n.;107/a;;Scontro frontale/laterale DX fra veicoli in marcia;Rettilineo;Una carreggiata a doppio senso;Asciutto;Asfaltata;Verticale ed orizzontale;Sereno;Scarso;Buona;;0;0;0;3;12.4811;41.9211;-1;2;Autovettura privata;In marcia / fermata / arresto;Conducente;F;Illeso;0;;;
5016399;19;05/08/2020 07:15:00;Strada Urbana;VIALE MONFORTANI;in prossimit�;;del civico n.;9;;Infortunio per caduta del veicolo;Rettilineo;Una carreggiata a senso unico di marcia;Bagnato (pioggia);Asfaltata;Verticale ed orizzontale;Sereno;Normale;Buona;;1;0;0;0;12.4256;41.9378;-1;1;Motociclo con passeggero;In marcia / fermata / arresto;Conducente;M;Rimandato;0;NON DECEDUTO;;
5016414;19;05/08/2020 11:15:00;Strada Urbana;VIA GIAMBATTISTA SORIA;in corrispondenza;;del civico n.;61;;Scontro laterale fra veicoli in marcia;Rettilineo;Una carreggiata a senso unico di marcia;Asciutto;Asfaltata;Verticale ed orizzontale;Sereno;Normale;Buona;;2;0;0;1;12.4109;41.9069;-1;1;Autovettura privata;In marcia / fermata / arresto;Conducente;M;Illeso;0;;;
5016414;19;05/08/2020 11:15:00;Strada Urbana;VIA GIAMBATTISTA SORIA;in corrispondenza;;del civico n.;61;;Scontro laterale fra veicoli in marcia;Rettilineo;Una carreggiata a senso unico di marcia;Asciutto;Asfaltata;Verticale ed orizzontale;Sereno;Normale;Buona;;2;0;0;1;12.4109;41.9069;-1;2;Motociclo con passeggero;In marcia / fermata / arresto;Conducente;M;Rifiuta cure immediate;0;NON DECEDUTO;;
5016414;19;05/08/2020 11:15:00;Strada Urbana;VIA GIAMBATTISTA SORIA;in corrispondenza;;del civico n.;61;;Scontro laterale fra veicoli in marcia;Rettilineo;Una carreggiata a senso unico di marcia;Asciutto;Asfaltata;Verticale ed orizzontale;Sereno;Normale;Buona;;2;0;0;1;12.4109;41.9069;-1;2;Motociclo con passeggero;In marcia / fermata / arresto;Passeggero;M;Rifiuta cure immediate;0;NON DECEDUTO;;
5016418;1;05/08/2020 14:30:00;Strada Urbana;VIA MERULANA;all'intersezione semaforizzata con;VIA GUICCIARDINI;VIA GUICCIARDINI;;;Scontro frontale/laterale DX fra veicoli in marcia;Intersezione semaforizzata;Una carreggiata a doppio senso;Asciutto;Asfaltata;Verticale ed orizzontale;Sereno;Normale;Buona;;0;0;0;4;12.5021;41.8917;-1;1;Autovettura privata;In marcia / fermata / arresto;Conducente;M;Illeso;0;;Non accertato;Inesploso
5016418;1;05/08/2020 14:30:00;Strada Urbana;VIA MERULANA;all'intersezione semaforizzata con;VIA GUICCIARDINI;VIA GUICCIARDINI;;;Scontro frontale/laterale DX fra veicoli in marcia;Intersezione semaforizzata;Una carreggiata a doppio senso;Asciutto;Asfaltata;Verticale ed orizzontale;Sereno;Normale;Buona;;0;0;0;4;12.5021;41.8917;-1;2;Autovettura privata;In marcia / fermata / arresto;Conducente;F;Illeso;0;;Non accertato;Inesploso
5016418;1;05/08/2020 14:30:00;Strada Urbana;VIA MERULANA;all'intersezione semaforizzata con;VIA GUICCIARDINI;VIA GUICCIARDINI;;;Scontro frontale/laterale DX fra veicoli in marcia;Intersezione semaforizzata;Una carreggiata a doppio senso;Asciutto;Asfaltata;Verticale ed orizzontale;Sereno;Normale;Buona;;0;0;0;4;12.5021;41.8917;-1;2;Autovettura privata;In marcia / fermata / arresto;Passeggero;M;Illeso;0;;;
5016418;1;05/08/2020 14:30:00;Strada Urbana;VIA MERULANA;all'intersezione semaforizzata con;VIA GUICCIARDINI;VIA GUICCIARDINI;;;Scontro frontale/laterale DX fra veicoli in marcia;Intersezione semaforizzata;Una carreggiata a doppio senso;Asciutto;Asfaltata;Verticale ed orizzontale;Sereno;Normale;Buona;;0;0;0;4;12.5021;41.8917;-1;2;Autovettura privata;In marcia / fermata / arresto;Passeggero;M;Illeso;0;;;
5016425;19;05/08/2020 12:45:00;Strada Urbana;VIA ANGELO FAVA;in corrispondenza;;del civico n.;10;;Scontro frontale/laterale SX fra veicoli in marcia;Rettilineo;Una carreggiata a senso unico di marcia;Asciutto;Asfaltata;Assente;Sereno;Scarso;Buona;;0;0;0;2;12.4257;41.9435;-1;1;Autovettura privata;In marcia / fermata / arresto;Conducente;M;Illeso;0;;;
5016425;19;05/08/2020 12:45:00;Strada Urbana;VIA ANGELO FAVA;in corrispondenza;;del civico n.;10;;Scontro frontale/laterale SX fra veicoli in marcia;Rettilineo;Una carreggiata a senso unico di marcia;Asciutto;Asfaltata;Assente;Sereno;Scarso;Buona;;0;0;0;2;12.4257;41.9435;-1;2;Autovettura privata;In marcia / fermata / arresto;Conducente;M;Illeso;0;;;
5016425;19;05/08/2020 12:45:00;Strada Urbana;VIA ANGELO FAVA;in corrispondenza;;del civico n.;10;;Scontro frontale/laterale SX fra veicoli in marcia;Rettilineo;Una carreggiata a senso unico di marcia;Asciutto;Asfaltata;Assente;Sereno;Scarso;Buona;;0;0;0;2;12.4257;41.9435;-1;3;Autovettura privata;Sosta;;;;;;;
5016430;18;06/08/2020 01:00:00;Strada Urbana;VIALE DELLE MURA AURELIE;in prossimit�;;del civico n.;5;;Veicolo in marcia contro ostacolo fisso;Curva a visuale libera;Una carreggiata a senso unico di marcia;Asciutto;Asfaltata;Verticale ed orizzontale;Sereno;Scarso;Sufficiente;;0;0;0;3;12.46;41.8915;-1;1;Autovettura privata;In marcia / fermata / arresto;Conducente;M;Illeso;0;;;
5016430;18;06/08/2020 01:00:00;Strada Urbana;VIALE DELLE MURA AURELIE;in prossimit�;;del civico n.;5;;Veicolo in marcia contro ostacolo fisso;Curva a visuale libera;Una carreggiata a senso unico di marcia;Asciutto;Asfaltata;Verticale ed orizzontale;Sereno;Scarso;Sufficiente;;0;0;0;3;12.46;41.8915;-1;1;Autovettura privata;In marcia / fermata / arresto;Passeggero;M;Illeso;0;;;
5016430;18;06/08/2020 01:00:00;Strada Urbana;VIALE DELLE MURA AURELIE;in prossimit�;;del civico n.;5;;Veicolo in marcia contro ostacolo fisso;Curva a visuale libera;Una carreggiata a senso unico di marcia;Asciutto;Asfaltata;Verticale ed orizzontale;Sereno;Scarso;Sufficiente;;0;0;0;3;12.46;41.8915;-1;1;Autovettura privata;In marcia / fermata / arresto;Passeggero;M;Illeso;0;;;
5016433;19;05/08/2020 15:00:00;Strada Urbana;VIA DI SELVA NERA;da specificare;;;;in prossimit� di V. Lidia Bianchi;Veicolo in marcia contro ostacolo fisso;Curva a visuale libera;Una carreggiata a doppio senso;Bagnato (pioggia);Asfaltata;Assente;Sereno;Normale;Buona;;0;0;0;1;12.3648;41.9353;-1;1;Autovettura privata;In marcia / fermata / arresto;Conducente;M;Illeso;0;;;
5016480;6;06/08/2020 09:25:00;Strada Urbana;VIA PRENESTINA;da specificare;;;;altezza via Giacomo Mancini;Tamponamento;Rettilineo;Pi� di due carreggiate;Asciutto;Asfaltata;Orizzontale;Sereno;Intenso;Buona;;0;0;0;2;12.5714;41.8952;-1;1;Autovettura privata;In marcia / fermata / arresto;Conducente;M;Illeso;0;;Non accertato;Inesploso
5016480;6;06/08/2020 09:25:00;Strada Urbana;VIA PRENESTINA;da specificare;;;;altezza via Giacomo Mancini;Tamponamento;Rettilineo;Pi� di due carreggiate;Asciutto;Asfaltata;Orizzontale;Sereno;Intenso;Buona;;0;0;0;2;12.5714;41.8952;-1;2;Autovettura privata;In marcia / fermata / arresto;Conducente;F;Illeso;0;;Non accertato;Inesploso
5016627;16;05/08/2020 16:40:00;Strada Urbana;VIA OTTAVIO GASPARRI;in corrispondenza;;del civico n.;5;;Scontro laterale fra veicoli in marcia;Rettilineo;Due carreggiate;Asciutto;Asfaltata;Verticale ed orizzontale;Sereno;Normale;Buona;;0;0;0;2;12.4421;41.8778;-1;1;Motociclo a solo;In marcia / fermata / arresto;Conducente;M;Illeso;0;;Non accertato;
5016627;16;05/08/2020 16:40:00;Strada Urbana;VIA OTTAVIO GASPARRI;in corrispondenza;;del civico n.;5;;Scontro laterale fra veicoli in marcia;Rettilineo;Due carreggiate;Asciutto;Asfaltata;Verticale ed orizzontale;Sereno;Normale;Buona;;0;0;0;2;12.4421;41.8778;-1;2;Autovettura privata;In marcia / fermata / arresto;Conducente;M;Illeso;0;;Non accertato;
5016634;16;06/08/2020 08:40:00;Strada Urbana;VIA SILVESTRI;da specificare;;;;PALO ACEA N. 86;Infortunio per sola frenata improvvisa;Rettilineo;Una carreggiata a doppio senso;Asciutto;Asfaltata;Verticale ed orizzontale;Sereno;Normale;Buona;;1;0;0;0;12.4321;41.8777;-1;1;Motociclo a solo;In marcia / fermata / arresto;Conducente;M;Rimandato;0;NON DECEDUTO;Non accertato;
5016634;16;06/08/2020 08:40:00;Strada Urbana;VIA SILVESTRI;da specificare;;;;PALO ACEA N. 86;Infortunio per sola frenata improvvisa;Rettilineo;Una carreggiata a doppio senso;Asciutto;Asfaltata;Verticale ed orizzontale;Sereno;Normale;Buona;;1;0;0;0;12.4321;41.8777;-1;2;Autovettura privata;Sosta;;;;;;;
5016635;6;06/08/2020 12:40:00;Strada Urbana;VIA DEI GORDIANI;all'intersezione con;VIA CHECCO DURANTE;VIA CHECCO DURANTE;;;Scontro frontale/laterale DX fra veicoli in marcia;Incrocio;Una carreggiata a doppio senso;Asciutto;Asfaltata;Verticale ed orizzontale;Sereno;Normale;Buona;;1;0;0;1;12.5533;41.8814;-1;1;Motociclo a solo;In marcia / fermata / arresto;Conducente;M;Rifiuta cure immediate;0;NON DECEDUTO;Utilizzato;
5016635;6;06/08/2020 12:40:00;Strada Urbana;VIA DEI GORDIANI;all'intersezione con;VIA CHECCO DURANTE;VIA CHECCO DURANTE;;;Scontro frontale/laterale DX fra veicoli in marcia;Incrocio;Una carreggiata a doppio senso;Asciutto;Asfaltata;Verticale ed orizzontale;Sereno;Normale;Buona;;1;0;0;1;12.5533;41.8814;-1;2;Autovettura privata;In marcia / fermata / arresto;Conducente;M;Illeso;0;;Non accertato;Inesploso
5016697;2;05/08/2020 14:50:00;Strada Urbana;VIALE DEL MURO TORTO;da specificare;;;;altezza palo ACEA  48, dir. p.le Flaminio;Infortunio per caduta del veicolo;Rettilineo;Due carreggiate;Asciutto;Asfaltata;Verticale ed orizzontale;Sereno;Normale;Buona;;1;0;0;0;12.4817;41.9107;-1;1;Motociclo a solo;In marcia / fermata / arresto;Conducente;M;Ricoverato;0;NON DECEDUTO;;
5016727;1;06/08/2020 10:50:00;Strada Urbana;PIAZZA DELLA ROVERE;da specificare;;;;sottovia  direzione GREGORIO VII;Infortunio per sola frenata improvvisa;Galleria illuminata;Una carreggiata a senso unico di marcia;Asciutto;Asfaltata;Orizzontale;Sereno;Normale;Buona;;0;1;0;0;12.4627;41.8991;-1;1;Motociclo a solo;In marcia / fermata / arresto;Conducente;F;Prognosi riservata;0;NON DECEDUTO;Non accertato;
5016770;6;06/08/2020 14:20:00;Strada Urbana;VIA TOR DE' SCHIAVI;in prossimit�;;del civico n.;283;;Scontro frontale/laterale DX fra veicoli in marcia;Rettilineo;Due carreggiate;Asciutto;Asfaltata;Verticale ed orizzontale;Sereno;Normale;Buona;;0;0;0;2;12.5603;41.8909;-1;1;Veicolo ignoto perch� FUGA;Allontanatosi;;;;;;;
5016770;6;06/08/2020 14:20:00;Strada Urbana;VIA TOR DE' SCHIAVI;in prossimit�;;del civico n.;283;;Scontro frontale/laterale DX fra veicoli in marcia;Rettilineo;Due carreggiate;Asciutto;Asfaltata;Verticale ed orizzontale;Sereno;Normale;Buona;;0;0;0;2;12.5603;41.8909;-1;2;Autovettura privata;In marcia / fermata / arresto;Conducente;M;Illeso;0;;Non accertato;Inesploso
5016770;6;06/08/2020 14:20:00;Strada Urbana;VIA TOR DE' SCHIAVI;in prossimit�;;del civico n.;283;;Scontro frontale/laterale DX fra veicoli in marcia;Rettilineo;Due carreggiate;Asciutto;Asfaltata;Verticale ed orizzontale;Sereno;Normale;Buona;;0;0;0;2;12.5603;41.8909;-1;2;Autovettura privata;In marcia / fermata / arresto;Passeggero;F;Illeso;0;;Non accertato;Inesploso
5016816;20;06/08/2020 14:00:00;Strada Urbana;CORSO DI FRANCIA;da specificare;;;;dir. Parioli alt. via Gosio;Tamponamento;Rettilineo;Due carreggiate;Asciutto;Asfaltata;Verticale ed orizzontale;Sereno;Normale;Buona;;0;0;0;2;12.4717;41.9367;-1;1;Autovettura privata;In marcia / fermata / arresto;Conducente;M;Illeso;0;;Non accertato;Inesploso
5016816;20;06/08/2020 14:00:00;Strada Urbana;CORSO DI FRANCIA;da specificare;;;;dir. Parioli alt. via Gosio;Tamponamento;Rettilineo;Due carreggiate;Asciutto;Asfaltata;Verticale ed orizzontale;Sereno;Normale;Buona;;0;0;0;2;12.4717;41.9367;-1;2;Autovettura privata;In marcia / fermata / arresto;Conducente;M;Illeso;0;;Non accertato;Inesploso
5016848;6;06/08/2020 14:00:00;Provinciale entro l'abitato;VIA PRENESTINA;all'intersezione con;VIA DEI CICLAMINI;VIA DEI CICLAMINI;;;Scontro frontale/laterale DX fra veicoli in marcia;Incrocio;Pi� di due carreggiate;Asciutto;Asfaltata;Verticale ed orizzontale;Sereno;Normale;Buona;;0;0;0;2;12.565;41.8949;-1;1;Motociclo a solo;In marcia / fermata / arresto;Conducente;M;Illeso;0;;Non accertato;