Protocollo;Gruppo;DataOraIncidente;Localizzazione1;STRADA1;Localizzazione2;STRADA2;Strada02;Chilometrica;DaSpecificare;NaturaIncidente;particolaritastrade;TipoStrada;FondoStradale;Pavimentazione;Segnaletica;CondizioneAtmosferica;Traffico;Visibilita;Illuminazione;NUM_FERITI;NUM_RISERVATA;NUM_MORTI;NUM_ILLESI;Longitudine;Latitudine;Confermato;Progressivo;TipoVeicolo;StatoVeicolo;TipoPersona;Sesso;Tipolesione;Deceduto;DecedutoDopo;CinturaCascoUtilizzato;Airbag;
5017542;4;06/08/2020 15:30:00;Statale entro l'abitato;VIA SALARIA;in prossimit�;;del civico n.;1051;;Scontro frontale/laterale DX fra veicoli in marcia;Rettilineo;Due carreggiate;Asciutto;Asfaltata;Verticale ed orizzontale;Sereno;Normale;Buona;;1;0;0;1;12.5047;41.9736;-1;1;Autovettura privata;In marcia / fermata / arresto;Conducente;M;Illeso;0;;Non accertato;
5017542;4;06/08/2020 15:30:00;Statale entro l'abitato;VIA SALARIA;in prossimit�;;del civico n.;1051;;Scontro frontale/laterale DX fra veicoli in marcia;Rettilineo;Due carreggiate;Asciutto;Asfaltata;Verticale ed orizzontale;Sereno;Normale;Buona;;1;0;0;1;12.5047;41.9736;-1;2;Motociclo a solo;In marcia / fermata / arresto;Conducente;M;Rimandato;0;NON DECEDUTO;Non accertato;
5017543;7;06/08/2020 08:30:00;Strada Urbana;VIALE PALMIRO TOGLIATTI;in corrispondenza;;del civico n.;885;;Veicolo in marcia contro veicolo in sosta;Rettilineo;Due carreggiate;Asciutto;Asfaltata;Verticale ed orizzontale;Sereno;Normale;Buona;;0;0;0;1;12.5736;41.8897;-1;1;Autovettura privata;In marcia / fermata / arresto;Conducente;M;Illeso;0;;;
5017543;7;06/08/2020 08:30:00;Strada Urbana;VIALE PALMIRO TOGLIATTI;in corrispondenza;;del civico n.;885;;Veicolo in marcia contro veicolo in sosta;Rettilineo;Due carreggiate;Asciutto;Asfaltata;Verticale ed orizzontale;Sereno;Normale;Buona;;0;0;0;1;12.5736;41.8897;-1;2;Autovettura privata;Sosta;;;;;;;
5017544;5;06/08/2020 09:20:00;Strada Urbana;VIA DI S. ALESSANDRO;all'intersezione con;VIA BELMONTE IN SABINA;VIA BELMONTE IN SABINA;;;Scontro frontale/laterale DX fra veicoli in marcia;Intersezione stradale segnalata;Una carreggiata a doppio senso;Asciutto;Asfaltata;Verticale ed orizzontale;Sereno;Normale;Buona;;1;0;0;1;12.5985;41.949;-1;1;Autovettura privata;In marcia / fermata / arresto;Conducente;M;Illeso;0;;Non accertato;Inesploso
5017544;5;06/08/2020 09:20:00;Strada Urbana;VIA DI S. ALESSANDRO;all'intersezione con;VIA BELMONTE IN SABINA;VIA BELMONTE IN SABINA;;;Scontro frontale/laterale DX fra veicoli in marcia;Intersezione stradale segnalata;Una carreggiata a doppio senso;Asciutto;Asfaltata;Verticale ed orizzontale;Sereno;Normale;Buona;;1;0;0;1;12.5985;41.949;-1;2;Motociclo a solo;In marcia / fermata / arresto;Conducente;M;Rimandato;0;NON DECEDUTO;Non accertato;
5017545;13;06/08/2020 19:00:00;;LUNGOMARE AMERIGO VESPUCCI;in prossimit�;;del civico n.;120;;Tamponamento;;;;;;;;;;0;0;0;6;;;0;1;Autovettura privata;In marcia / fermata / arresto;Conducente;F;Illeso;0;;Non accertato;
5017545;13;06/08/2020 19:00:00;;LUNGOMARE AMERIGO VESPUCCI;in prossimit�;;del civico n.;120;;Tamponamento;;;;;;;;;;0;0;0;6;;;0;1;Autovettura privata;In marcia / fermata / arresto;Passeggero;F;Illeso;0;;Non accertato;Inesploso
5017545;13;06/08/2020 19:00:00;;LUNGOMARE AMERIGO VESPUCCI;in prossimit�;;del civico n.;120;;Tamponamento;;;;;;;;;;0;0;0;6;;;0;2;Autovettura privata;In marcia / fermata / arresto;Conducente;F;Illeso;0;;Non accertato;
5017545;13;06/08/2020 19:00:00;;LUNGOMARE AMERIGO VESPUCCI;in prossimit�;;del civico n.;120;;Tamponamento;;;;;;;;;;0;0;0;6;;;0;2;Autovettura privata;In marcia / fermata / arresto;Passeggero;M;Illeso;0;;;
5017545;13;06/08/2020 19:00:00;;LUNGOMARE AMERIGO VESPUCCI;in prossimit�;;del civico n.;120;;Tamponamento;;;;;;;;;;0;0;0;6;;;0;2;Autovettura privata;In marcia / fermata / arresto;Passeggero;F;Illeso;0;;;Inesistente
5017545;13;06/08/2020 19:00:00;;LUNGOMARE AMERIGO VESPUCCI;in prossimit�;;del civico n.;120;;Tamponamento;;;;;;;;;;0;0;0;6;;;0;2;Autovettura privata;In marcia / fermata / arresto;Passeggero;F;Illeso;0;;Non accertato;
5017545;13;06/08/2020 19:00:00;;LUNGOMARE AMERIGO VESPUCCI;in prossimit�;;del civico n.;120;;Tamponamento;;;;;;;;;;0;0;0;6;;;0;3;Autovettura privata;Sosta;;;;;;;
5017554;5;06/08/2020 12:00:00;Strada Urbana;VIA TIBURTINA;da specificare;;;;direzione centro  x svincoloVia F. Fiorentini;Tamponamento;Rettilineo;Due carreggiate;Asciutto;Asfaltata;Verticale ed orizzontale;Sereno;Normale;Buona;;0;0;0;3;12.5539;41.9123;-1;1;Autovettura privata;In marcia / fermata / arresto;Conducente;F;Illeso;0;;Non accertato;
5017554;5;06/08/2020 12:00:00;Strada Urbana;VIA TIBURTINA;da specificare;;;;direzione centro  x svincoloVia F. Fiorentini;Tamponamento;Rettilineo;Due carreggiate;Asciutto;Asfaltata;Verticale ed orizzontale;Sereno;Normale;Buona;;0;0;0;3;12.5539;41.9123;-1;1;Autovettura privata;In marcia / fermata / arresto;Passeggero;M;Illeso;0;;Non accertato;
5017554;5;06/08/2020 12:00:00;Strada Urbana;VIA TIBURTINA;da specificare;;;;direzione centro  x svincoloVia F. Fiorentini;Tamponamento;Rettilineo;Due carreggiate;Asciutto;Asfaltata;Verticale ed orizzontale;Sereno;Normale;Buona;;0;0;0;3;12.5539;41.9123;-1;2;Autovettura privata;In marcia / fermata / arresto;Conducente;M;Illeso;0;;Non accertato;
5017566;5;06/08/2020 18:15:00;Strada Urbana;VIA TIBURTINA;da specificare;;;;prossimit� Via Castel Madama;Tamponamento;Rettilineo;Due carreggiate;Asciutto;Asfaltata;Verticale ed orizzontale;Sereno;Normale;Buona;;0;0;0;2;12.6058;41.9342;-1;1;Autovettura privata;In marcia / fermata / arresto;Conducente;F;Illeso;0;;Non accertato;Inesploso
5017566;5;06/08/2020 18:15:00;Strada Urbana;VIA TIBURTINA;da specificare;;;;prossimit� Via Castel Madama;Tamponamento;Rettilineo;Due carreggiate;Asciutto;Asfaltata;Verticale ed orizzontale;Sereno;Normale;Buona;;0;0;0;2;12.6058;41.9342;-1;2;Autovettura privata;In marcia / fermata / arresto;Conducente;F;Illeso;0;;Non accertato;Inesploso
5017567;16;06/08/2020 10:50:00;Strada Urbana;VIALE DEI COLLI PORTUENSI;in corrispondenza;;del civico n.;89;;Tamponamento;Rettilineo;Due carreggiate;Asciutto;Asfaltata;Orizzontale;Sereno;Normale;Buona;;0;0;0;2;12.4434;41.8735;-1;1;Autovettura privata;In marcia / fermata / arresto;Conducente;M;Illeso;0;;;
5017567;16;06/08/2020 10:50:00;Strada Urbana;VIALE DEI COLLI PORTUENSI;in corrispondenza;;del civico n.;89;;Tamponamento;Rettilineo;Due carreggiate;Asciutto;Asfaltata;Orizzontale;Sereno;Normale;Buona;;0;0;0;2;12.4434;41.8735;-1;2;Autovettura privata;In marcia / fermata / arresto;Conducente;F;Illeso;0;;;
5017569;5;06/08/2020 19:20:00;Strada Urbana;VIA ALBERTO POLLIO;all'intersezione con;PIAZZA TOMMASO DE CRISTOFORIS;PIAZZA TOMMASO DE CRISTOFORIS;;;Scontro frontale/laterale SX fra veicoli in marcia;Rotatoria;Una carreggiata a senso unico di marcia;Asciutto;Asfaltata;Verticale ed orizzontale;Sereno;Normale;Buona;;0;0;0;2;12.5347;41.9005;-1;1;Autovettura privata;In marcia / fermata / arresto;Conducente;M;Illeso;0;;Non accertato;Inesploso
5017569;5;06/08/2020 19:20:00;Strada Urbana;VIA ALBERTO POLLIO;all'intersezione con;PIAZZA TOMMASO DE CRISTOFORIS;PIAZZA TOMMASO DE CRISTOFORIS;;;Scontro frontale/laterale SX fra veicoli in marcia;Rotatoria;Una carreggiata a senso unico di marcia;Asciutto;Asfaltata;Verticale ed orizzontale;Sereno;Normale;Buona;;0;0;0;2;12.5347;41.9005;-1;2;Autovettura privata;In marcia / fermata / arresto;Conducente;M;Illeso;0;;Non accertato;Esploso
5017586;2;06/08/2020 14:10:00;Strada Urbana;VIA NOMENTANA;all'intersezione semaforizzata con;VIA DELLA BATTERIA NOMENTANA;VIA DELLA BATTERIA NOMENTANA;;;Scontro laterale fra veicoli in marcia;Intersezione semaforizzata;Pi� di due carreggiate;Asciutto;Asfaltata;Verticale ed orizzontale;Sereno;Normale;Buona;;1;0;0;0;12.5246;41.9276;-1;1;Motociclo a solo;In marcia / fermata / arresto;Conducente;F;Rimandato;0;NON DECEDUTO;;
5017586;2;06/08/2020 14:10:00;Strada Urbana;VIA NOMENTANA;all'intersezione semaforizzata con;VIA DELLA BATTERIA NOMENTANA;VIA DELLA BATTERIA NOMENTANA;;;Scontro laterale fra veicoli in marcia;Intersezione semaforizzata;Pi� di due carreggiate;Asciutto;Asfaltata;Verticale ed orizzontale;Sereno;Normale;Buona;;1;0;0;0;12.5246;41.9276;-1;2;Autovettura privata;Allontanatosi;;;;;;;
5017602;13;07/08/2020 07:50:00;Strada Urbana;VIA DI DRAGONCELLO;all'intersezione con;VIALE ALESSANDRO RUSPOLI;VIALE ALESSANDRO RUSPOLI;;;Scontro frontale/laterale SX fra veicoli in marcia;Incrocio;Due carreggiate;Asciutto;Asfaltata;Verticale ed orizzontale;Sereno;Normale;Buona;;2;0;0;1;;;0;1;Autovettura privata;In marcia / fermata / arresto;Conducente;M;Illeso;0;;Non accertato;Inesploso
5017602;13;07/08/2020 07:50:00;Strada Urbana;VIA DI DRAGONCELLO;all'intersezione con;VIALE ALESSANDRO RUSPOLI;VIALE ALESSANDRO RUSPOLI;;;Scontro frontale/laterale SX fra veicoli in marcia;Incrocio;Due carreggiate;Asciutto;Asfaltata;Verticale ed orizzontale;Sereno;Normale;Buona;;2;0;0;1;;;0;2;Autovettura privata;In marcia / fermata / arresto;Conducente;M;Rifiuta cure immediate;0;NON DECEDUTO;Non accertato;Inesploso
5017602;13;07/08/2020 07:50:00;Strada Urbana;VIA DI DRAGONCELLO;all'intersezione con;VIALE ALESSANDRO RUSPOLI;VIALE ALESSANDRO RUSPOLI;;;Scontro frontale/laterale SX fra veicoli in marcia;Incrocio;Due carreggiate;Asciutto;Asfaltata;Verticale ed orizzontale;Sereno;Normale;Buona;;2;0;0;1;;;0;2;Autovettura privata;In marcia / fermata / arresto;Passeggero;M;Rifiuta cure immediate;0;NON DECEDUTO;Non accertato;Inesploso
5017609;19;06/08/2020 06:30:00;Strada Urbana;VIA MATTIA BATTISTINI;in corrispondenza;;del civico n.;221;;Scontro laterale fra veicoli in marcia;Rettilineo;Una carreggiata a doppio senso;Asciutto;Asfaltata;Orizzontale;Sereno;Normale;Buona;;0;0;0;2;12.4184;41.9148;-1;1;Autovettura privata;In marcia / fermata / arresto;Conducente;M;Illeso;0;;;
5017609;19;06/08/2020 06:30:00;Strada Urbana;VIA MATTIA BATTISTINI;in corrispondenza;;del civico n.;221;;Scontro laterale fra veicoli in marcia;Rettilineo;Una carreggiata a doppio senso;Asciutto;Asfaltata;Orizzontale;Sereno;Normale;Buona;;0;0;0;2;12.4184;41.9148;-1;2;Motociclo a solo;In marcia / fermata / arresto;Conducente;M;Illeso;0;;;
5017650;10;06/08/2020 18:00:00;Strada Urbana;VIA PALLAGORIO;in corrispondenza;;del civico n.;47;;Veicolo in marcia contro veicoli in sosta;Rettilineo;Una carreggiata a doppio senso;Asciutto;Asfaltata;Verticale ed orizzontale;Sereno;Normale;Sufficiente;;1;0;0;0;12.6225;41.8269;-1;1;Autovettura privata;In marcia / fermata / arresto;Conducente;F;Rimandato;0;NON DECEDUTO;Non accertato;Inesploso
5017650;10;06/08/2020 18:00:00;Strada Urbana;VIA PALLAGORIO;in corrispondenza;;del civico n.;47;;Veicolo in marcia contro veicoli in sosta;Rettilineo;Una carreggiata a doppio senso;Asciutto;Asfaltata;Verticale ed orizzontale;Sereno;Normale;Sufficiente;;1;0;0;0;12.6225;41.8269;-1;2;Autovettura privata;Sosta;;;;;;;
5017650;10;06/08/2020 18:00:00;Strada Urbana;VIA PALLAGORIO;in corrispondenza;;del civico n.;47;;Veicolo in marcia contro veicoli in sosta;Rettilineo;Una carreggiata a doppio senso;Asciutto;Asfaltata;Verticale ed orizzontale;Sereno;Normale;Sufficiente;;1;0;0;0;12.6225;41.8269;-1;3;Autovettura privata;Sosta;;;;;;;
5017651;18;06/08/2020 12:30:00;Strada Urbana;VIA BALDO DEGLI UBALDI;in corrispondenza;;del civico n.;184;;Veicolo in marcia contro veicolo fermo;Rettilineo;Due carreggiate;Asciutto;Asfaltata;Verticale ed orizzontale;Sereno;Normale;Buona;;0;0;0;2;12.4362;41.8996;-1;1;Autovettura privata;In marcia / fermata / arresto;Conducente;M;Illeso;0;;;
5017651;18;06/08/2020 12:30:00;Strada Urbana;VIA BALDO DEGLI UBALDI;in corrispondenza;;del civico n.;184;;Veicolo in marcia contro veicolo fermo;Rettilineo;Due carreggiate;Asciutto;Asfaltata;Verticale ed orizzontale;Sereno;Normale;Buona;;0;0;0;2;12.4362;41.8996;-1;2;Autovettura privata;In marcia / fermata / arresto;Conducente;M;Illeso;0;;;
5017653;13;06/08/2020 20:30:00;Strada Urbana;VIA DEI MONTI DI S. PAOLO;da specificare;;;;FERMATA ATAC 72217 CAPOLINEA;Veicolo in marcia contro veicolo in sosta;Rettilineo;Una carreggiata a doppio senso;Asciutto;Asfaltata;Verticale ed orizzontale;Sereno;Normale;Sufficiente;;0;0;0;0;12.3584;41.791;-1;1;Autobus di linea;Sosta;;;;;;;
5017653;13;06/08/2020 20:30:00;Strada Urbana;VIA DEI MONTI DI S. PAOLO;da specificare;;;;FERMATA ATAC 72217 CAPOLINEA;Veicolo in marcia contro veicolo in sosta;Rettilineo;Una carreggiata a doppio senso;Asciutto;Asfaltata;Verticale ed orizzontale;Sereno;Normale;Sufficiente;;0;0;0;0;12.3584;41.791;-1;2;Autovettura privata;Allontanatosi;;;;;;;
5017665;15;06/08/2020 17:40:00;Strada Urbana;VIA DEL TRULLO;in prossimit�;;del civico n.;449;;Scontro laterale fra veicoli in marcia;Rettilineo;Una carreggiata a doppio senso;Asciutto;Asfaltata;Orizzontale;Sereno;Normale;Buona;;0;0;0;2;12.4373;41.8395;-1;1;Autovettura privata;In marcia / fermata / arresto;Conducente;M;Illeso;0;;Non accertato;Inesploso
5017665;15;06/08/2020 17:40:00;Strada Urbana;VIA DEL TRULLO;in prossimit�;;del civico n.;449;;Scontro laterale fra veicoli in marcia;Rettilineo;Una carreggiata a doppio senso;Asciutto;Asfaltata;Orizzontale;Sereno;Normale;Buona;;0;0;0;2;12.4373;41.8395;-1;2;Autovettura privata;In marcia / fermata / arresto;Conducente;M;Illeso;0;;Non accertato;Inesploso
5017666;20;06/08/2020 14:30:00;Strada Urbana;VIA TIBERINA;in corrispondenza;;del civico n.;113;;Infortunio per sola frenata improvvisa;Rettilineo;Una carreggiata a doppio senso;Asciutto;Asfaltata;Verticale ed orizzontale;Sereno;Normale;Buona;;1;0;0;3;12.4968;42.002;-1;1;Autovettura privata;In marcia / fermata / arresto;Conducente;M;Illeso;0;;;
5017666;20;06/08/2020 14:30:00;Strada Urbana;VIA TIBERINA;in corrispondenza;;del civico n.;113;;Infortunio per sola frenata improvvisa;Rettilineo;Una carreggiata a doppio senso;Asciutto;Asfaltata;Verticale ed orizzontale;Sereno;Normale;Buona;;1;0;0;3;12.4968;42.002;-1;2;Autobus di linea;In marcia / fermata / arresto;Conducente;M;Illeso;0;;;
5017666;20;06/08/2020 14:30:00;Strada Urbana;VIA TIBERINA;in corrispondenza;;del civico n.;113;;Infortunio per sola frenata improvvisa;Rettilineo;Una carreggiata a doppio senso;Asciutto;Asfaltata;Verticale ed orizzontale;Sereno;Normale;Buona;;1;0;0;3;12.4968;42.002;-1;2;Autobus di linea;In marcia / fermata / arresto;Passeggero;F;Rimandato;0;NON DECEDUTO;Non accertato;
5017666;20;06/08/2020 14:30:00;Strada Urbana;VIA TIBERINA;in corrispondenza;;del civico n.;113;;Infortunio per sola frenata improvvisa;Rettilineo;Una carreggiata a doppio senso;Asciutto;Asfaltata;Verticale ed orizzontale;Sereno;Normale;Buona;;1;0;0;3;12.4968;42.002;-1;2;Autobus di linea;In marcia / fermata / arresto;Passeggero;M;Illeso;0;;;
5017688;20;06/08/2020 22:10:00;Strada Urbana;VIA COSTA VOLPINO;in prossimit�;;del civico n.;16;;Veicolo in marcia contro veicolo in sosta;Rettilineo;Una carreggiata a doppio senso;Asciutto;Strada pavimentata dissestata;Assente;Sereno;Scarso;Buona;;0;0;0;0;12.4655;42.0276;-1;1;Autovettura privata;Allontanatosi;;;;;;;
5017688;20;06/08/2020 22:10:00;Strada Urbana;VIA COSTA VOLPINO;in prossimit�;;del civico n.;16;;Veicolo in marcia contro veicolo in sosta;Rettilineo;Una carreggiata a doppio senso;Asciutto;Strada pavimentata dissestata;Assente;Sereno;Scarso;Buona;;0;0;0;0;12.4655;42.0276;-1;2;Autovettura privata;Sosta;;;;;;;
5017691;20;06/08/2020 07:35:00;Strada Urbana;VIA TIBERINA;in corrispondenza;;del civico n.;33;;Tamponamento;Rettilineo;Una carreggiata a doppio senso;Asciutto;Asfaltata;Orizzontale;Sereno;Normale;Buona;;0;0;0;2;12.4945;42.0014;-1;1;Autovettura privata;In marcia / fermata / arresto;Conducente;M;Illeso;0;;;
5017691;20;06/08/2020 07:35:00;Strada Urbana;VIA TIBERINA;in corrispondenza;;del civico n.;33;;Tamponamento;Rettilineo;Una carreggiata a doppio senso;Asciutto;Asfaltata;Orizzontale;Sereno;Normale;Buona;;0;0;0;2;12.4945;42.0014;-1;2;Autovettura privata;In marcia / fermata / arresto;Conducente;M;Illeso;0;;;
5017693;20;06/08/2020 10:00:00;Strada Urbana;VIA BRACCIANENSE;all'intersezione con;VIA DELLA STAZIONE DI CESANO;VIA DELLA STAZIONE DI CESANO;;;Tamponamento Multiplo;Intersezione stradale segnalata;Una carreggiata a doppio senso;Asciutto;Asfaltata;Verticale ed orizzontale;Sereno;Normale;Buona;;2;0;0;3;12.3241;42.0598;-1;1;Autovettura privata;In marcia / fermata / arresto;Conducente;M;Illeso;0;;;
5017693;20;06/08/2020 10:00:00;Strada Urbana;VIA BRACCIANENSE;all'intersezione con;VIA DELLA STAZIONE DI CESANO;VIA DELLA STAZIONE DI CESANO;;;Tamponamento Multiplo;Intersezione stradale segnalata;Una carreggiata a doppio senso;Asciutto;Asfaltata;Verticale ed orizzontale;Sereno;Normale;Buona;;2;0;0;3;12.3241;42.0598;-1;2;Autovettura privata;In marcia / fermata / arresto;Conducente;M;Illeso;0;;;
5017693;20;06/08/2020 10:00:00;Strada Urbana;VIA BRACCIANENSE;all'intersezione con;VIA DELLA STAZIONE DI CESANO;VIA DELLA STAZIONE DI CESANO;;;Tamponamento Multiplo;Intersezione stradale segnalata;Una carreggiata a doppio senso;Asciutto;Asfaltata;Verticale ed orizzontale;Sereno;Normale;Buona;;2;0;0;3;12.3241;42.0598;-1;3;Autovettura privata;In marcia / fermata / arresto;Conducente;M;Rifiuta cure immediate;0;NON DECEDUTO;Non accertato;
5017693;20;06/08/2020 10:00:00;Strada Urbana;VIA BRACCIANENSE;all'intersezione con;VIA DELLA STAZIONE DI CESANO;VIA DELLA STAZIONE DI CESANO;;;Tamponamento Multiplo;Intersezione stradale segnalata;Una carreggiata a doppio senso;Asciutto;Asfaltata;Verticale ed orizzontale;Sereno;Normale;Buona;;2;0;0;3;12.3241;42.0598;-1;3;Autovettura privata;In marcia / fermata / arresto;Passeggero;F;Rimandato;0;NON DECEDUTO;Non accertato;
5017693;20;06/08/2020 10:00:00;Strada Urbana;VIA BRACCIANENSE;all'intersezione con;VIA DELLA STAZIONE DI CESANO;VIA DELLA STAZIONE DI CESANO;;;Tamponamento Multiplo;Intersezione stradale segnalata;Una carreggiata a doppio senso;Asciutto;Asfaltata;Verticale ed orizzontale;Sereno;Normale;Buona;;2;0;0;3;12.3241;42.0598;-1;4;Autovettura privata;In marcia / fermata / arresto;Conducente;M;Illeso;0;;Non accertato;
5017723;7;06/08/2020 16:45:00;Strada Urbana;VIALE PALMIRO TOGLIATTI;da specificare;;;;incrocio via Prenestina;Scontro laterale fra veicoli in marcia;Rettilineo;Due carreggiate;Asciutto;Asfaltata;Verticale ed orizzontale;Sereno;Intenso;Sufficiente;;0;0;0;2;12.5752;41.8947;-1;1;Motociclo a solo;In marcia / fermata / arresto;Conducente;M;Illeso;0;;Non accertato;
5017723;7;06/08/2020 16:45:00;Strada Urbana;VIALE PALMIRO TOGLIATTI;da specificare;;;;incrocio via Prenestina;Scontro laterale fra veicoli in marcia;Rettilineo;Due carreggiate;Asciutto;Asfaltata;Verticale ed orizzontale;Sereno;Intenso;Sufficiente;;0;0;0;2;12.5752;41.8947;-1;2;Autovettura privata;In marcia / fermata / arresto;Conducente;M;Illeso;0;;Non accertato;Inesploso
5017731;12;07/08/2020 09:45:00;Strada Urbana;VIA DI TRIGORIA;da specificare;;;;rotatoria Via Laurentina;Scontro laterale fra veicoli in marcia;Rotatoria;Una carreggiata a senso unico di marcia;Asciutto;Asfaltata;Verticale ed orizzontale;Sereno;Normale;Buona;;0;0;0;2;12.4804;41.7753;-1;1;Autovettura privata;In marcia / fermata / arresto;Conducente;M;Illeso;0;;Utilizzato;Inesploso
5017731;12;07/08/2020 09:45:00;Strada Urbana;VIA DI TRIGORIA;da specificare;;;;rotatoria Via Laurentina;Scontro laterale fra veicoli in marcia;Rotatoria;Una carreggiata a senso unico di marcia;Asciutto;Asfaltata;Verticale ed orizzontale;Sereno;Normale;Buona;;0;0;0;2;12.4804;41.7753;-1;2;Autovettura privata;In marcia / fermata / arresto;Conducente;M;Illeso;0;;Utilizzato;Inesploso
5017736;6;06/08/2020 19:45:00;Strada Urbana;VIA AVERSA;all'intersezione con;VIA DI ACQUA BULLICANTE;VIA DI ACQUA BULLICANTE;;;Infortunio per sola frenata improvvisa;Incrocio;Una carreggiata a senso unico di marcia;Asciutto;Asfaltata;Verticale ed orizzontale;Sereno;Normale;Buona;;2;0;0;1;12.542;41.8911;-1;1;Autovettura privata;In marcia / fermata / arresto;Conducente;M;Illeso;0;;;
5017736;6;06/08/2020 19:45:00;Strada Urbana;VIA AVERSA;all'intersezione con;VIA DI ACQUA BULLICANTE;VIA DI ACQUA BULLICANTE;;;Infortunio per sola frenata improvvisa;Incrocio;Una carreggiata a senso unico di marcia;Asciutto;Asfaltata;Verticale ed orizzontale;Sereno;Normale;Buona;;2;0;0;1;12.542;41.8911;-1;2;Motociclo con passeggero;In marcia / fermata / arresto;Conducente;M;Rifiuta cure immediate;0;NON DECEDUTO;;
5017736;6;06/08/2020 19:45:00;Strada Urbana;VIA AVERSA;all'intersezione con;VIA DI ACQUA BULLICANTE;VIA DI ACQUA BULLICANTE;;;Infortunio per sola frenata improvvisa;Incrocio;Una carreggiata a senso unico di marcia;Asciutto;Asfaltata;Verticale ed orizzontale;Sereno;Normale;Buona;;2;0;0;1;12.542;41.8911;-1;2;Motociclo con passeggero;In marcia / fermata / arresto;Passeggero;F;Rifiuta cure immediate;0;NON DECEDUTO;;
5017737;18;06/08/2020 13:10:00;Strada Urbana;VIA AURELIA;da specificare;;;;fronte civico 788/a;Tamponamento Multiplo;Rettilineo;Due carreggiate;Asciutto;Asfaltata;Verticale ed orizzontale;Sereno;Normale;Buona;;2;0;0;2;12.3618;41.8851;-1;1;Autovettura privata;In marcia / fermata / arresto;Conducente;M;Illeso;0;;;
5017737;18;06/08/2020 13:10:00;Strada Urbana;VIA AURELIA;da specificare;;;;fronte civico 788/a;Tamponamento Multiplo;Rettilineo;Due carreggiate;Asciutto;Asfaltata;Verticale ed orizzontale;Sereno;Normale;Buona;;2;0;0;2;12.3618;41.8851;-1;1;Autovettura privata;In marcia / fermata / arresto;Passeggero;M;Rimandato;0;NON DECEDUTO;;
5017737;18;06/08/2020 13:10:00;Strada Urbana;VIA AURELIA;da specificare;;;;fronte civico 788/a;Tamponamento Multiplo;Rettilineo;Due carreggiate;Asciutto;Asfaltata;Verticale ed orizzontale;Sereno;Normale;Buona;;2;0;0;2;12.3618;41.8851;-1;2;Autovettura privata;In marcia / fermata / arresto;Conducente;M;Rimandato;0;NON DECEDUTO;;
5017737;18;06/08/2020 13:10:00;Strada Urbana;VIA AURELIA;da specificare;;;;fronte civico 788/a;Tamponamento Multiplo;Rettilineo;Due carreggiate;Asciutto;Asfaltata;Verticale ed orizzontale;Sereno;Normale;Buona;;2;0;0;2;12.3618;41.8851;-1;3;Autovettura privata;In marcia / fermata / arresto;Conducente;F;Illeso;0;;;
5017746;15;07/08/2020 07:20:00;Strada Urbana;VIA DELLA MAGLIANA;all'intersezione con;VIA DELL'IMBRECCIATO;VIA DELL'IMBRECCIATO;;;Veicolo in marcia che urta buche nella carreggiata;Incrocio;Due carreggiate;Asciutto;Asfaltata;Orizzontale;Sereno;Normale;Buona;;0;0;0;1;12.4196;41.8317;-1;1;Autobus di linea;In marcia / fermata / arresto;Conducente;M;Illeso;0;;;
5017751;7;06/08/2020 09:30:00;Strada Urbana;VIA PRENESTINA;in prossimit�;;del civico n.;1080;;Scontro frontale/laterale SX fra veicoli in marcia;Rettilineo;Una carreggiata a doppio senso;Asciutto;Asfaltata;Verticale ed orizzontale;Sereno;Normale;Buona;;0;0;0;2;12.6145;41.8932;-1;1;Autovettura privata;In marcia / fermata / arresto;Conducente;M;Illeso;0;;Non accertato;Inesploso
5017751;7;06/08/2020 09:30:00;Strada Urbana;VIA PRENESTINA;in prossimit�;;del civico n.;1080;;Scontro frontale/laterale SX fra veicoli in marcia;Rettilineo;Una carreggiata a doppio senso;Asciutto;Asfaltata;Verticale ed orizzontale;Sereno;Normale;Buona;;0;0;0;2;12.6145;41.8932;-1;2;Autovettura privata;In marcia / fermata / arresto;Conducente;M;Illeso;0;;Non accertato;Inesploso
5017787;4;06/08/2020 20:45:00;Provinciale entro l'abitato;VIA NOMENTANA;in corrispondenza;;del civico n.;901;;Investimento di pedone;Rettilineo;Una carreggiata a doppio senso;Asciutto;Asfaltata;Verticale ed orizzontale;Sereno;Normale;Buona;;1;0;0;1;12.5558;41.9425;-1;;;;Pedone;M;Rimandato;0;NON DECEDUTO;;
5017787;4;06/08/2020 20:45:00;Provinciale entro l'abitato;VIA NOMENTANA;in corrispondenza;;del civico n.;901;;Investimento di pedone;Rettilineo;Una carreggiata a doppio senso;Asciutto;Asfaltata;Verticale ed orizzontale;Sereno;Normale;Buona;;1;0;0;1;12.5558;41.9425;-1;1;Motociclo a solo;Allontanatosi;Conducente;M;Illeso;0;;;
5017798;7;06/08/2020 09:00:00;Strada Urbana;VIA PRENESTINA;in corrispondenza;;del civico n.;700;;Scontro laterale fra veicoli in marcia;Rettilineo;Una carreggiata a doppio senso;Asciutto;Asfaltata;Orizzontale;Sereno;Normale;Buona;;0;0;0;2;12.5863;41.8937;-1;1;Autovettura privata;In marcia / fermata / arresto;Conducente;F;Illeso;0;;Non accertato;Inesploso