Protocollo;Gruppo;DataOraIncidente;Localizzazione1;STRADA1;Localizzazione2;STRADA2;Strada02;Chilometrica;DaSpecificare;NaturaIncidente;particolaritastrade;TipoStrada;FondoStradale;Pavimentazione;Segnaletica;CondizioneAtmosferica;Traffico;Visibilita;Illuminazione;NUM_FERITI;NUM_RISERVATA;NUM_MORTI;NUM_ILLESI;Longitudine;Latitudine;Confermato;Progressivo;TipoVeicolo;StatoVeicolo;TipoPersona;Sesso;Tipolesione;Deceduto;DecedutoDopo;CinturaCascoUtilizzato;Airbag;
5018132;10;07/08/2020 08:55:00;Strada Urbana;VIA APPIA PIGNATELLI;in prossimit�;;del civico n.;289;;Investimento di pedone;Rettilineo;Una carreggiata a doppio senso;Asciutto;Asfaltata;Orizzontale;Sereno;Normale;Buona;;1;0;0;1;12.5465;41.8392;-1;1;Autocarro inferiore 35 q.;In marcia / fermata / arresto;Conducente;M;Illeso;0;;Non accertato;Inesploso
5018163;10;07/08/2020 11:50:00;Strada Urbana;VIALE BRUNO RIZZIERI;all'intersezione con;VIALE BRUNO PELIZZI;VIALE BRUNO PELIZZI;;;Tamponamento Multiplo;Rotatoria;Pi� di due carreggiate;Asciutto;Asfaltata;Verticale ed orizzontale;Sereno;Normale;Buona;;0;0;0;7;12.5832;41.8523;-1;1;Autovettura privata;In marcia / fermata / arresto;Conducente;M;Illeso;0;;Non accertato;Inesploso
5018163;10;07/08/2020 11:50:00;Strada Urbana;VIALE BRUNO RIZZIERI;all'intersezione con;VIALE BRUNO PELIZZI;VIALE BRUNO PELIZZI;;;Tamponamento Multiplo;Rotatoria;Pi� di due carreggiate;Asciutto;Asfaltata;Verticale ed orizzontale;Sereno;Normale;Buona;;0;0;0;7;12.5832;41.8523;-1;1;Autovettura privata;In marcia / fermata / arresto;Passeggero;F;Illeso;0;;Non accertato;Inesploso
5018163;10;07/08/2020 11:50:00;Strada Urbana;VIALE BRUNO RIZZIERI;all'intersezione con;VIALE BRUNO PELIZZI;VIALE BRUNO PELIZZI;;;Tamponamento Multiplo;Rotatoria;Pi� di due carreggiate;Asciutto;Asfaltata;Verticale ed orizzontale;Sereno;Normale;Buona;;0;0;0;7;12.5832;41.8523;-1;2;Autovettura privata;In marcia / fermata / arresto;Conducente;M;Illeso;0;;Non accertato;Inesploso
5018163;10;07/08/2020 11:50:00;Strada Urbana;VIALE BRUNO RIZZIERI;all'intersezione con;VIALE BRUNO PELIZZI;VIALE BRUNO PELIZZI;;;Tamponamento Multiplo;Rotatoria;Pi� di due carreggiate;Asciutto;Asfaltata;Verticale ed orizzontale;Sereno;Normale;Buona;;0;0;0;7;12.5832;41.8523;-1;2;Autovettura privata;In marcia / fermata / arresto;Passeggero;F;Illeso;0;;Non accertato;Inesploso
5018163;10;07/08/2020 11:50:00;Strada Urbana;VIALE BRUNO RIZZIERI;all'intersezione con;VIALE BRUNO PELIZZI;VIALE BRUNO PELIZZI;;;Tamponamento Multiplo;Rotatoria;Pi� di due carreggiate;Asciutto;Asfaltata;Verticale ed orizzontale;Sereno;Normale;Buona;;0;0;0;7;12.5832;41.8523;-1;2;Autovettura privata;In marcia / fermata / arresto;Passeggero;M;Illeso;0;;Non accertato;Inesploso
5018163;10;07/08/2020 11:50:00;Strada Urbana;VIALE BRUNO RIZZIERI;all'intersezione con;VIALE BRUNO PELIZZI;VIALE BRUNO PELIZZI;;;Tamponamento Multiplo;Rotatoria;Pi� di due carreggiate;Asciutto;Asfaltata;Verticale ed orizzontale;Sereno;Normale;Buona;;0;0;0;7;12.5832;41.8523;-1;2;Autovettura privata;In marcia / fermata / arresto;Passeggero;M;Illeso;0;;Non accertato;Inesistente
5018163;10;07/08/2020 11:50:00;Strada Urbana;VIALE BRUNO RIZZIERI;all'intersezione con;VIALE BRUNO PELIZZI;VIALE BRUNO PELIZZI;;;Tamponamento Multiplo;Rotatoria;Pi� di due carreggiate;Asciutto;Asfaltata;Verticale ed orizzontale;Sereno;Normale;Buona;;0;0;0;7;12.5832;41.8523;-1;3;Autovettura privata;In marcia / fermata / arresto;Conducente;F;Illeso;0;;Non accertato;Inesploso
5018168;20;07/08/2020 18:00:00;Strada Urbana;VIA CASSIA;all'intersezione con;VIA S. GIOVANNA ELISABETTA;VIA S. GIOVANNA ELISABETTA;;;Scontro frontale fra veicoli in marcia;Intersezione stradale segnalata;Una carreggiata a doppio senso;Asciutto;Asfaltata;Verticale ed orizzontale;Sereno;Intenso;Buona;;1;0;0;2;12.4204;41.9945;-1;1;Motociclo a solo;In marcia / fermata / arresto;Conducente;M;Rimandato;0;NON DECEDUTO;Non accertato;
5018168;20;07/08/2020 18:00:00;Strada Urbana;VIA CASSIA;all'intersezione con;VIA S. GIOVANNA ELISABETTA;VIA S. GIOVANNA ELISABETTA;;;Scontro frontale fra veicoli in marcia;Intersezione stradale segnalata;Una carreggiata a doppio senso;Asciutto;Asfaltata;Verticale ed orizzontale;Sereno;Intenso;Buona;;1;0;0;2;12.4204;41.9945;-1;2;Autovettura privata;In marcia / fermata / arresto;Conducente;M;Illeso;0;;Non accertato;Inesploso
5018168;20;07/08/2020 18:00:00;Strada Urbana;VIA CASSIA;all'intersezione con;VIA S. GIOVANNA ELISABETTA;VIA S. GIOVANNA ELISABETTA;;;Scontro frontale fra veicoli in marcia;Intersezione stradale segnalata;Una carreggiata a doppio senso;Asciutto;Asfaltata;Verticale ed orizzontale;Sereno;Intenso;Buona;;1;0;0;2;12.4204;41.9945;-1;2;Autovettura privata;In marcia / fermata / arresto;Passeggero;M;Illeso;0;;Non accertato;Inesploso
5018184;3;07/08/2020 14:10:00;Strada Urbana;PIAZZALE DI PORTA PIA;all'intersezione semaforizzata con;VIA VENTI SETTEMBRE;VIA VENTI SETTEMBRE;;;Scontro frontale fra veicoli in marcia;Intersezione semaforizzata;Una carreggiata a doppio senso;Asciutto;Asfaltata;Verticale ed orizzontale;Sereno;Normale;Buona;;1;0;0;1;12.5019;41.9096;-1;1;Motociclo a solo;In marcia / fermata / arresto;Conducente;M;Illeso;0;;Non accertato;
5018184;3;07/08/2020 14:10:00;Strada Urbana;PIAZZALE DI PORTA PIA;all'intersezione semaforizzata con;VIA VENTI SETTEMBRE;VIA VENTI SETTEMBRE;;;Scontro frontale fra veicoli in marcia;Intersezione semaforizzata;Una carreggiata a doppio senso;Asciutto;Asfaltata;Verticale ed orizzontale;Sereno;Normale;Buona;;1;0;0;1;12.5019;41.9096;-1;2;Motociclo a solo;In marcia / fermata / arresto;Conducente;M;Rimandato;0;NON DECEDUTO;Non accertato;
5018516;8;07/08/2020 07:00:00;Strada Urbana;VIA TERRANOVA DA SIBARI;in prossimit�;;del civico n.;71;;Veicolo in marcia contro ostacolo fisso;Rettilineo;Una carreggiata a doppio senso;Asciutto;Asfaltata;Assente;Sereno;Scarso;Buona;;0;0;0;0;12.6893;41.8741;-1;1;Autovettura privata;Allontanatosi;;;;;;;
5018519;8;07/08/2020 14:00:00;Strada Urbana;VIA DI TOR VERGATA;da specificare;;;;sottopasso  in corrispondenza rampa PTV-Casilina;Tamponamento;Sottopasso illuminato;Una carreggiata a senso unico di marcia;Asciutto;Asfaltata;Verticale ed orizzontale;Sereno;Normale;Buona;;2;0;0;0;12.6226;41.8468;-1;1;Motociclo a solo;In marcia / fermata / arresto;Conducente;M;Rimandato;0;NON DECEDUTO;Non accertato;
5018519;8;07/08/2020 14:00:00;Strada Urbana;VIA DI TOR VERGATA;da specificare;;;;sottopasso  in corrispondenza rampa PTV-Casilina;Tamponamento;Sottopasso illuminato;Una carreggiata a senso unico di marcia;Asciutto;Asfaltata;Verticale ed orizzontale;Sereno;Normale;Buona;;2;0;0;0;12.6226;41.8468;-1;2;Motociclo a solo;In marcia / fermata / arresto;Conducente;M;Rimandato;0;NON DECEDUTO;Non accertato;
5018524;8;07/08/2020 19:00:00;Strada Urbana;VIA CASILINA;da specificare;;;;pross. intersezione via del Torraccio di Torrenova;Scontro laterale fra veicoli in marcia;Rettilineo;Una carreggiata a doppio senso;Asciutto;Asfaltata;Verticale ed orizzontale;Sereno;Normale;Buona;;1;0;0;1;12.6212;41.8626;-1;1;Autovettura privata;In marcia / fermata / arresto;Conducente;M;Illeso;0;;Non accertato;Inesploso
5018524;8;07/08/2020 19:00:00;Strada Urbana;VIA CASILINA;da specificare;;;;pross. intersezione via del Torraccio di Torrenova;Scontro laterale fra veicoli in marcia;Rettilineo;Una carreggiata a doppio senso;Asciutto;Asfaltata;Verticale ed orizzontale;Sereno;Normale;Buona;;1;0;0;1;12.6212;41.8626;-1;2;Autovettura privata;In marcia / fermata / arresto;Conducente;M;Rifiuta cure immediate;0;NON DECEDUTO;Non accertato;Inesploso
5018525;8;07/08/2020 21:45:00;Strada Urbana;VIA DEL CASALE DEL FINOCCHIO;in corrispondenza;;del civico n.;37;;Veicolo in marcia contro veicolo in sosta;Rettilineo;Una carreggiata a doppio senso;Asciutto;Asfaltata;Assente;Sereno;Normale;Sufficiente;;0;0;0;0;12.6928;41.8613;-1;1;Autovettura privata;Sosta;;;;;;;
5018525;8;07/08/2020 21:45:00;Strada Urbana;VIA DEL CASALE DEL FINOCCHIO;in corrispondenza;;del civico n.;37;;Veicolo in marcia contro veicolo in sosta;Rettilineo;Una carreggiata a doppio senso;Asciutto;Asfaltata;Assente;Sereno;Normale;Sufficiente;;0;0;0;0;12.6928;41.8613;-1;2;Autovettura privata;In marcia / fermata / arresto;;;;;;;
5018564;11;07/08/2020 15:25:00;Strada Urbana;CIRCONVALLAZIONE OSTIENSE;in prossimit�;;del civico n.;146-148;;Scontro frontale fra veicoli in marcia;Rettilineo;Due carreggiate;Asciutto;Asfaltata;Verticale ed orizzontale;Sereno;Normale;Buona;;0;0;0;2;12.4865;41.867;-1;1;Autovettura privata;In marcia / fermata / arresto;Conducente;M;Illeso;0;;;
5018564;11;07/08/2020 15:25:00;Strada Urbana;CIRCONVALLAZIONE OSTIENSE;in prossimit�;;del civico n.;146-148;;Scontro frontale fra veicoli in marcia;Rettilineo;Due carreggiate;Asciutto;Asfaltata;Verticale ed orizzontale;Sereno;Normale;Buona;;0;0;0;2;12.4865;41.867;-1;2;Autovettura privata;In marcia / fermata / arresto;Conducente;M;Illeso;0;;;
5018582;11;07/08/2020 14:20:00;Strada Urbana;VIA ARDEATINA;in prossimit�;;del civico n.;588;;Scontro frontale fra veicoli in marcia;Rettilineo;Una carreggiata a doppio senso;Asciutto;Asfaltata;Assente;Sereno;Normale;Buona;;1;0;0;1;12.52;41.8215;-1;1;Autovettura privata;In marcia / fermata / arresto;Conducente;M;Illeso;0;;Non accertato;
5018582;11;07/08/2020 14:20:00;Strada Urbana;VIA ARDEATINA;in prossimit�;;del civico n.;588;;Scontro frontale fra veicoli in marcia;Rettilineo;Una carreggiata a doppio senso;Asciutto;Asfaltata;Assente;Sereno;Normale;Buona;;1;0;0;1;12.52;41.8215;-1;2;Motociclo a solo;In marcia / fermata / arresto;Conducente;M;Ricoverato;0;NON DECEDUTO;Non accertato;
5018591;1;07/08/2020 11:30:00;Strada Urbana;VIA DEI MILLE;in prossimit�;;del civico n.;19;;Scontro frontale/laterale DX fra veicoli in marcia;Rettilineo;Una carreggiata a senso unico di marcia;Asciutto;Asfaltata;Verticale ed orizzontale;Sereno;Scarso;Buona;;1;0;0;1;12.5044;41.9026;-1;1;Autovettura privata;In marcia / fermata / arresto;Conducente;M;Illeso;0;;;
5018591;1;07/08/2020 11:30:00;Strada Urbana;VIA DEI MILLE;in prossimit�;;del civico n.;19;;Scontro frontale/laterale DX fra veicoli in marcia;Rettilineo;Una carreggiata a senso unico di marcia;Asciutto;Asfaltata;Verticale ed orizzontale;Sereno;Scarso;Buona;;1;0;0;1;12.5044;41.9026;-1;2;Autovettura privata;In marcia / fermata / arresto;Conducente;F;Rifiuta cure immediate;0;NON DECEDUTO;;
5018605;11;07/08/2020 18:15:00;Strada Urbana;VIA DEL PORTO FLUVIALE;all'intersezione con;VIA GIUSEPPE ACERBI;VIA GIUSEPPE ACERBI;;;Scontro laterale fra veicoli in marcia;Incrocio;Una carreggiata a doppio senso;Asciutto;Asfaltata;Verticale ed orizzontale;Sereno;Normale;Buona;;1;0;0;1;12.4775;41.8724;-1;1;Autovettura privata;In marcia / fermata / arresto;Conducente;M;Illeso;0;;Non accertato;
5018605;11;07/08/2020 18:15:00;Strada Urbana;VIA DEL PORTO FLUVIALE;all'intersezione con;VIA GIUSEPPE ACERBI;VIA GIUSEPPE ACERBI;;;Scontro laterale fra veicoli in marcia;Incrocio;Una carreggiata a doppio senso;Asciutto;Asfaltata;Verticale ed orizzontale;Sereno;Normale;Buona;;1;0;0;1;12.4775;41.8724;-1;2;Motociclo a solo;In marcia / fermata / arresto;Conducente;M;Rimandato;0;NON DECEDUTO;Non accertato;
5018663;4;07/08/2020 18:05:00;Strada Urbana;VIA GIANNA PEDERZINI;da specificare;;;;PROSSIMITA' LARGO FAUSTA LABIA;Scontro laterale fra veicoli in marcia;Rettilineo;Una carreggiata a doppio senso;Asciutto;Asfaltata;Orizzontale;Sereno;Normale;Buona;;0;0;0;2;12.5205;41.9716;-1;1;Autovettura privata;In marcia / fermata / arresto;Conducente;F;Illeso;0;;;
5018663;4;07/08/2020 18:05:00;Strada Urbana;VIA GIANNA PEDERZINI;da specificare;;;;PROSSIMITA' LARGO FAUSTA LABIA;Scontro laterale fra veicoli in marcia;Rettilineo;Una carreggiata a doppio senso;Asciutto;Asfaltata;Orizzontale;Sereno;Normale;Buona;;0;0;0;2;12.5205;41.9716;-1;2;Autovettura privata;In marcia / fermata / arresto;Conducente;M;Illeso;0;;;
5018669;4;07/08/2020 13:25:00;Statale;VIA SALARIA;da specificare;;;;DIR. GRA PROSS. PALO ACEA 321;Tamponamento Multiplo;Rettilineo;Due carreggiate;Asciutto;Asfaltata;Verticale ed orizzontale;Sereno;Intenso;Buona;;0;0;0;5;13.1876;42.4163;-1;1;Autovettura privata;In marcia / fermata / arresto;Conducente;M;Illeso;0;;;
5018669;4;07/08/2020 13:25:00;Statale;VIA SALARIA;da specificare;;;;DIR. GRA PROSS. PALO ACEA 321;Tamponamento Multiplo;Rettilineo;Due carreggiate;Asciutto;Asfaltata;Verticale ed orizzontale;Sereno;Intenso;Buona;;0;0;0;5;13.1876;42.4163;-1;2;Autovettura privata;In marcia / fermata / arresto;Conducente;M;Illeso;0;;;
5018669;4;07/08/2020 13:25:00;Statale;VIA SALARIA;da specificare;;;;DIR. GRA PROSS. PALO ACEA 321;Tamponamento Multiplo;Rettilineo;Due carreggiate;Asciutto;Asfaltata;Verticale ed orizzontale;Sereno;Intenso;Buona;;0;0;0;5;13.1876;42.4163;-1;2;Autovettura privata;In marcia / fermata / arresto;Passeggero;F;Illeso;0;;;
5018669;4;07/08/2020 13:25:00;Statale;VIA SALARIA;da specificare;;;;DIR. GRA PROSS. PALO ACEA 321;Tamponamento Multiplo;Rettilineo;Due carreggiate;Asciutto;Asfaltata;Verticale ed orizzontale;Sereno;Intenso;Buona;;0;0;0;5;13.1876;42.4163;-1;2;Autovettura privata;In marcia / fermata / arresto;Passeggero;M;Illeso;0;;;
5018669;4;07/08/2020 13:25:00;Statale;VIA SALARIA;da specificare;;;;DIR. GRA PROSS. PALO ACEA 321;Tamponamento Multiplo;Rettilineo;Due carreggiate;Asciutto;Asfaltata;Verticale ed orizzontale;Sereno;Intenso;Buona;;0;0;0;5;13.1876;42.4163;-1;3;Autocarro inferiore 35 q.;In marcia / fermata / arresto;Conducente;M;Illeso;0;;;
5018684;4;07/08/2020 12:00:00;Statale entro l'abitato;VIA SALARIA;in prossimit�;;del civico n.;729;;Tamponamento Multiplo;Rettilineo;Due carreggiate;Asciutto;Asfaltata;Verticale ed orizzontale;Sereno;Normale;Buona;;0;0;0;3;12.5048;41.9451;-1;1;Autovettura privata;In marcia / fermata / arresto;Conducente;F;Illeso;0;;Non accertato;Inesploso
5018684;4;07/08/2020 12:00:00;Statale entro l'abitato;VIA SALARIA;in prossimit�;;del civico n.;729;;Tamponamento Multiplo;Rettilineo;Due carreggiate;Asciutto;Asfaltata;Verticale ed orizzontale;Sereno;Normale;Buona;;0;0;0;3;12.5048;41.9451;-1;2;Autovettura privata;In marcia / fermata / arresto;Conducente;M;Illeso;0;;Non accertato;Inesploso
5018684;4;07/08/2020 12:00:00;Statale entro l'abitato;VIA SALARIA;in prossimit�;;del civico n.;729;;Tamponamento Multiplo;Rettilineo;Due carreggiate;Asciutto;Asfaltata;Verticale ed orizzontale;Sereno;Normale;Buona;;0;0;0;3;12.5048;41.9451;-1;3;Autovettura privata;In marcia / fermata / arresto;Conducente;M;Illeso;0;;Non accertato;Inesploso
5018915;18;07/08/2020 21:15:00;Strada Urbana;VIA TRIONFALE;in prossimit�;;del civico n.;8365;;Scontro laterale fra veicoli in marcia;Curva a visuale libera;Una carreggiata a senso unico di marcia;Asciutto;Asfaltata;Verticale ed orizzontale;Sereno;Scarso;Sufficiente;;1;0;0;0;12.4262;41.9377;0;2;Motociclo a solo;In marcia / fermata / arresto;Conducente;F;Rimandato;0;NON DECEDUTO;Non accertato;
5018922;12;08/08/2020 14:00:00;Strada Urbana;VIA PONTINA;in prossimit�;;del civico n.;590;;Veicolo in marcia contro veicolo in sosta;Pendenza;Una carreggiata a doppio senso;Asciutto;Asfaltata;Verticale ed orizzontale;Sereno;Normale;Buona;;0;0;0;1;12.4428;41.7754;-1;1;Autocarro inferiore 35 q.;In marcia / fermata / arresto;Conducente;M;Illeso;0;;Non accertato;Inesploso
5018922;12;08/08/2020 14:00:00;Strada Urbana;VIA PONTINA;in prossimit�;;del civico n.;590;;Veicolo in marcia contro veicolo in sosta;Pendenza;Una carreggiata a doppio senso;Asciutto;Asfaltata;Verticale ed orizzontale;Sereno;Normale;Buona;;0;0;0;1;12.4428;41.7754;-1;2;Autovettura privata;Sosta;;;;;;;
5019236;15;07/08/2020 18:55:00;Strada Urbana;VIA DELLA PISANA;in corrispondenza;;del civico n.;1341;;Scontro frontale fra veicoli in marcia;Rettilineo;Una carreggiata a doppio senso;Asciutto;Asfaltata;Orizzontale;Sereno;Normale;Buona;;2;0;0;1;12.349;41.8455;-1;1;Autovettura privata;In marcia / fermata / arresto;Conducente;M;Illeso;0;;;Esploso
5019236;15;07/08/2020 18:55:00;Strada Urbana;VIA DELLA PISANA;in corrispondenza;;del civico n.;1341;;Scontro frontale fra veicoli in marcia;Rettilineo;Una carreggiata a doppio senso;Asciutto;Asfaltata;Orizzontale;Sereno;Normale;Buona;;2;0;0;1;12.349;41.8455;-1;2;Autovettura privata;In marcia / fermata / arresto;Conducente;M;Rimandato;0;NON DECEDUTO;;Inesploso
5019236;15;07/08/2020 18:55:00;Strada Urbana;VIA DELLA PISANA;in corrispondenza;;del civico n.;1341;;Scontro frontale fra veicoli in marcia;Rettilineo;Una carreggiata a doppio senso;Asciutto;Asfaltata;Orizzontale;Sereno;Normale;Buona;;2;0;0;1;12.349;41.8455;-1;2;Autovettura privata;In marcia / fermata / arresto;Passeggero;M;Rimandato;0;NON DECEDUTO;;Inesploso
5019250;1;08/08/2020 10:30:00;Strada Urbana;LUNGOTEVERE DEI FIORENTINI;all'intersezione semaforizzata con;PONTE VITTORIO EMANUELE II;PONTE VITTORIO EMANUELE II;;;Scontro laterale fra veicoli in marcia;Intersezione semaforizzata;Una carreggiata a senso unico di marcia;Asciutto;Asfaltata;Assente;Sereno;Scarso;Buona;;0;0;0;4;12.4648;41.9007;-1;1;Autovettura privata;In marcia / fermata / arresto;Conducente;M;Illeso;0;;Non accertato;Inesploso
5019250;1;08/08/2020 10:30:00;Strada Urbana;LUNGOTEVERE DEI FIORENTINI;all'intersezione semaforizzata con;PONTE VITTORIO EMANUELE II;PONTE VITTORIO EMANUELE II;;;Scontro laterale fra veicoli in marcia;Intersezione semaforizzata;Una carreggiata a senso unico di marcia;Asciutto;Asfaltata;Assente;Sereno;Scarso;Buona;;0;0;0;4;12.4648;41.9007;-1;2;Autovettura privata;In marcia / fermata / arresto;Conducente;F;Illeso;0;;Non accertato;Inesploso
5019250;1;08/08/2020 10:30:00;Strada Urbana;LUNGOTEVERE DEI FIORENTINI;all'intersezione semaforizzata con;PONTE VITTORIO EMANUELE II;PONTE VITTORIO EMANUELE II;;;Scontro laterale fra veicoli in marcia;Intersezione semaforizzata;Una carreggiata a senso unico di marcia;Asciutto;Asfaltata;Assente;Sereno;Scarso;Buona;;0;0;0;4;12.4648;41.9007;-1;2;Autovettura privata;In marcia / fermata / arresto;Passeggero;F;Illeso;0;;Non accertato;Inesploso
5019250;1;08/08/2020 10:30:00;Strada Urbana;LUNGOTEVERE DEI FIORENTINI;all'intersezione semaforizzata con;PONTE VITTORIO EMANUELE II;PONTE VITTORIO EMANUELE II;;;Scontro laterale fra veicoli in marcia;Intersezione semaforizzata;Una carreggiata a senso unico di marcia;Asciutto;Asfaltata;Assente;Sereno;Scarso;Buona;;0;0;0;4;12.4648;41.9007;-1;2;Autovettura privata;In marcia / fermata / arresto;Passeggero;F;Illeso;0;;Non accertato;Inesploso
5019268;9;07/08/2020 21:30:00;Strada Urbana;PIAZZALE APPIO;all'intersezione semaforizzata con;VIA APPIA NUOVA;VIA APPIA NUOVA;;;Scontro frontale/laterale DX fra veicoli in marcia;Intersezione semaforizzata;Due carreggiate;Asciutto;Asfaltata;Verticale ed orizzontale;Sereno;Scarso;Sufficiente;;1;0;0;1;12.5095;41.8855;-1;1;Motociclo a solo;In marcia / fermata / arresto;Conducente;M;Illeso;0;;Non accertato;
5019268;9;07/08/2020 21:30:00;Strada Urbana;PIAZZALE APPIO;all'intersezione semaforizzata con;VIA APPIA NUOVA;VIA APPIA NUOVA;;;Scontro frontale/laterale DX fra veicoli in marcia;Intersezione semaforizzata;Due carreggiate;Asciutto;Asfaltata;Verticale ed orizzontale;Sereno;Scarso;Sufficiente;;1;0;0;1;12.5095;41.8855;-1;2;Motociclo a solo;In marcia / fermata / arresto;Conducente;M;Rimandato;0;NON DECEDUTO;Non accertato;
5019272;1;08/08/2020 16:05:00;Strada Urbana;VIA CESARE BATTISTI;da specificare;;;;FRONTE CIVICO 6B;Infortunio per caduta del veicolo;Rettilineo;Una carreggiata a doppio senso;Asciutto;In cubetti di porfido;Verticale ed orizzontale;Sereno;Scarso;Buona;;1;0;0;0;12.4828;41.8968;-1;1;Micromobilit� elettrica - Hoverboard;In marcia / fermata / arresto;Conducente;M;Rifiuta cure immediate;0;NON DECEDUTO;Non accertato;Inesistente
5019280;9;07/08/2020 22:00:00;Strada Urbana;PIAZZA DI CINECITTA';all'intersezione semaforizzata con;VIALE PALMIRO TOGLIATTI;VIALE PALMIRO TOGLIATTI;;;Scontro frontale/laterale SX fra veicoli in marcia;Intersezione semaforizzata;Due carreggiate;Asciutto;Asfaltata;Verticale ed orizzontale;Sereno;Scarso;Buona;;0;0;0;4;12.5683;41.8531;-1;1;Autovettura privata;In marcia / fermata / arresto;Conducente;M;Illeso;0;;Non accertato;Esploso
5019280;9;07/08/2020 22:00:00;Strada Urbana;PIAZZA DI CINECITTA';all'intersezione semaforizzata con;VIALE PALMIRO TOGLIATTI;VIALE PALMIRO TOGLIATTI;;;Scontro frontale/laterale SX fra veicoli in marcia;Intersezione semaforizzata;Due carreggiate;Asciutto;Asfaltata;Verticale ed orizzontale;Sereno;Scarso;Buona;;0;0;0;4;12.5683;41.8531;-1;1;Autovettura privata;In marcia / fermata / arresto;Passeggero;M;Illeso;0;;Non accertato;Esploso
5019280;9;07/08/2020 22:00:00;Strada Urbana;PIAZZA DI CINECITTA';all'intersezione semaforizzata con;VIALE PALMIRO TOGLIATTI;VIALE PALMIRO TOGLIATTI;;;Scontro frontale/laterale SX fra veicoli in marcia;Intersezione semaforizzata;Due carreggiate;Asciutto;Asfaltata;Verticale ed orizzontale;Sereno;Scarso;Buona;;0;0;0;4;12.5683;41.8531;-1;2;Autovettura privata;In marcia / fermata / arresto;Conducente;M;Illeso;0;;Non accertato;Esploso
5019280;9;07/08/2020 22:00:00;Strada Urbana;PIAZZA DI CINECITTA';all'intersezione semaforizzata con;VIALE PALMIRO TOGLIATTI;VIALE PALMIRO TOGLIATTI;;;Scontro frontale/laterale SX fra veicoli in marcia;Intersezione semaforizzata;Due carreggiate;Asciutto;Asfaltata;Verticale ed orizzontale;Sereno;Scarso;Buona;;0;0;0;4;12.5683;41.8531;-1;2;Autovettura privata;In marcia / fermata / arresto;Passeggero;F;Illeso;0;;Non accertato;Inesploso
5019295;9;08/08/2020 10:00:00;;VIA MONSELICE;da specificare;;;;fronte civico 1;Scontro laterale fra veicoli in marcia;;;;;;;;;;0;0;0;3;;;0;1;Autovettura privata;In marcia / fermata / arresto;Conducente;M;Illeso;0;;;
5019295;9;08/08/2020 10:00:00;;VIA MONSELICE;da specificare;;;;fronte civico 1;Scontro laterale fra veicoli in marcia;;;;;;;;;;0;0;0;3;;;0;2;Autovettura privata;In marcia / fermata / arresto;Conducente;;Illeso;0;;;
5019295;9;08/08/2020 10:00:00;;VIA MONSELICE;da specificare;;;;fronte civico 1;Scontro laterale fra veicoli in marcia;;;;;;;;;;0;0;0;3;;;0;2;Autovettura privata;In marcia / fermata / arresto;Passeggero;F;Illeso;0;;;
5019300;1;08/08/2020 20:25:00;Strada Urbana;VIA DEL CIRCO MASSIMO;in prossimit�;;del palo luce n.;24;;Tamponamento;Rettilineo;Una carreggiata a doppio senso;Asciutto;Asfaltata;Verticale ed orizzontale;Sereno;Scarso;Buona;;2;0;0;2;12.4852;41.8853;-1;;;;Pedone;F;Rimandato;0;NON DECEDUTO;;
5019300;1;08/08/2020 20:25:00;Strada Urbana;VIA DEL CIRCO MASSIMO;in prossimit�;;del palo luce n.;24;;Tamponamento;Rettilineo;Una carreggiata a doppio senso;Asciutto;Asfaltata;Verticale ed orizzontale;Sereno;Scarso;Buona;;2;0;0;2;12.4852;41.8853;-1;;;;Pedone;F;Rimandato;0;NON DECEDUTO;;
5019300;1;08/08/2020 20:25:00;Strada Urbana;VIA DEL CIRCO MASSIMO;in prossimit�;;del palo luce n.;24;;Tamponamento;Rettilineo;Una carreggiata a doppio senso;Asciutto;Asfaltata;Verticale ed orizzontale;Sereno;Scarso;Buona;;2;0;0;2;12.4852;41.8853;-1;1;Autovettura privata;In marcia / fermata / arresto;Conducente;M;Illeso;0;;Non accertato;Inesploso
5019300;1;08/08/2020 20:25:00;Strada Urbana;VIA DEL CIRCO MASSIMO;in prossimit�;;del palo luce n.;24;;Tamponamento;Rettilineo;Una carreggiata a doppio senso;Asciutto;Asfaltata;Verticale ed orizzontale;Sereno;Scarso;Buona;;2;0;0;2;12.4852;41.8853;-1;2;Autovettura privata;In marcia / fermata / arresto;Conducente;M;Illeso;0;;Non accertato;Inesploso
5019303;9;08/08/2020 12:00:00;Altra strada;VIA MARINO LAZIALE;in corrispondenza;;del civico n.;49;;Veicolo in marcia contro ostacolo fisso;Rettilineo;Una carreggiata a doppio senso;Asciutto;Asfaltata;Assente;Sereno;Scarso;Buona;;0;0;0;1;12.534;41.8708;-1;1;Autovettura privata;In marcia / fermata / arresto;Conducente;M;Illeso;0;;Non accertato;Inesploso
5019313;9;08/08/2020 10:20:00;Strada Urbana;VIA MACEDONIA;in corrispondenza;;del civico n.;24;;Tamponamento;Rettilineo;Una carreggiata a doppio senso;Asciutto;Asfaltata;Verticale ed orizzontale;Sereno;Normale;Buona;;1;1;0;1;12.5119;41.8731;-1;1;Motociclo con passeggero;In marcia / fermata / arresto;Conducente;M;Rimandato;0;NON DECEDUTO;Non accertato;