Protocollo;Gruppo;DataOraIncidente;Localizzazione1;STRADA1;Localizzazione2;STRADA2;Strada02;Chilometrica;DaSpecificare;NaturaIncidente;particolaritastrade;TipoStrada;FondoStradale;Pavimentazione;Segnaletica;CondizioneAtmosferica;Traffico;Visibilita;Illuminazione;NUM_FERITI;NUM_RISERVATA;NUM_MORTI;NUM_ILLESI;Longitudine;Latitudine;Confermato;Progressivo;TipoVeicolo;StatoVeicolo;TipoPersona;Sesso;Tipolesione;Deceduto;DecedutoDopo;CinturaCascoUtilizzato;Airbag;
5020985;1;10/08/2020 16:45:00;Strada Urbana;PIAZZA DEL COLOSSEO;in prossimit�;;del civico n.;23;;Infortunio per caduta del veicolo;Rettilineo;Una carreggiata a doppio senso;Asciutto;Asfaltata;Verticale ed orizzontale;Sereno;Scarso;Buona;;1;0;0;2;12.4915;41.8914;-1;2;Micromobilit� elettrica - Hoverboard;In marcia / fermata / arresto;Conducente;M;Rimandato;0;NON DECEDUTO;;
5020985;1;10/08/2020 16:45:00;Strada Urbana;PIAZZA DEL COLOSSEO;in prossimit�;;del civico n.;23;;Infortunio per caduta del veicolo;Rettilineo;Una carreggiata a doppio senso;Asciutto;Asfaltata;Verticale ed orizzontale;Sereno;Scarso;Buona;;1;0;0;2;12.4915;41.8914;-1;2;Micromobilit� elettrica - Hoverboard;In marcia / fermata / arresto;Passeggero;M;Illeso;0;;;
5020993;6;11/08/2020 01:30:00;Strada Urbana;VIALE ALESSANDRINO;all'intersezione con;VIA DEL PERGOLATO;VIA DEL PERGOLATO;;;Scontro frontale/laterale SX fra veicoli in marcia;Incrocio;Una carreggiata a doppio senso;Asciutto;Asfaltata;Verticale ed orizzontale;Sereno;Scarso;Buona;;0;0;0;5;12.5767;41.8873;-1;1;Autovettura privata;In marcia / fermata / arresto;Conducente;M;Illeso;0;;;Inesploso
5020993;6;11/08/2020 01:30:00;Strada Urbana;VIALE ALESSANDRINO;all'intersezione con;VIA DEL PERGOLATO;VIA DEL PERGOLATO;;;Scontro frontale/laterale SX fra veicoli in marcia;Incrocio;Una carreggiata a doppio senso;Asciutto;Asfaltata;Verticale ed orizzontale;Sereno;Scarso;Buona;;0;0;0;5;12.5767;41.8873;-1;2;Autovettura privata;In marcia / fermata / arresto;Conducente;F;Illeso;0;;Utilizzato;Inesploso
5020993;6;11/08/2020 01:30:00;Strada Urbana;VIALE ALESSANDRINO;all'intersezione con;VIA DEL PERGOLATO;VIA DEL PERGOLATO;;;Scontro frontale/laterale SX fra veicoli in marcia;Incrocio;Una carreggiata a doppio senso;Asciutto;Asfaltata;Verticale ed orizzontale;Sereno;Scarso;Buona;;0;0;0;5;12.5767;41.8873;-1;2;Autovettura privata;In marcia / fermata / arresto;Passeggero;M;Illeso;0;;;
5020993;6;11/08/2020 01:30:00;Strada Urbana;VIALE ALESSANDRINO;all'intersezione con;VIA DEL PERGOLATO;VIA DEL PERGOLATO;;;Scontro frontale/laterale SX fra veicoli in marcia;Incrocio;Una carreggiata a doppio senso;Asciutto;Asfaltata;Verticale ed orizzontale;Sereno;Scarso;Buona;;0;0;0;5;12.5767;41.8873;-1;2;Autovettura privata;In marcia / fermata / arresto;Passeggero;F;Illeso;0;;Utilizzato;Inesploso
5020993;6;11/08/2020 01:30:00;Strada Urbana;VIALE ALESSANDRINO;all'intersezione con;VIA DEL PERGOLATO;VIA DEL PERGOLATO;;;Scontro frontale/laterale SX fra veicoli in marcia;Incrocio;Una carreggiata a doppio senso;Asciutto;Asfaltata;Verticale ed orizzontale;Sereno;Scarso;Buona;;0;0;0;5;12.5767;41.8873;-1;2;Autovettura privata;In marcia / fermata / arresto;Passeggero;F;Illeso;0;;;
5021027;4;10/08/2020 21:00:00;Strada Urbana;CORSO SEMPIONE;all'intersezione semaforizzata con;VIALE TIRRENO;VIALE TIRRENO;;;Scontro frontale/laterale SX fra veicoli in marcia;Intersezione stradale segnalata;Una carreggiata a doppio senso;Asciutto;Asfaltata;Verticale ed orizzontale;Sereno;Normale;Sufficiente;;1;0;0;1;12.5342;41.9354;-1;1;Autovettura privata;In marcia / fermata / arresto;Conducente;M;Illeso;0;;;
5021027;4;10/08/2020 21:00:00;Strada Urbana;CORSO SEMPIONE;all'intersezione semaforizzata con;VIALE TIRRENO;VIALE TIRRENO;;;Scontro frontale/laterale SX fra veicoli in marcia;Intersezione stradale segnalata;Una carreggiata a doppio senso;Asciutto;Asfaltata;Verticale ed orizzontale;Sereno;Normale;Sufficiente;;1;0;0;1;12.5342;41.9354;-1;2;Monopattino elettrico;In marcia / fermata / arresto;Conducente;M;Rimandato;0;NON DECEDUTO;Non accertato;
5021047;10;10/08/2020 19:00:00;Strada Urbana;VIA TUSCOLANA;in corrispondenza;;del civico n.;823;;Scontro frontale/laterale SX fra veicoli in marcia;Rettilineo;Due carreggiate;Asciutto;Asfaltata;Verticale ed orizzontale;Sereno;Normale;Buona;;0;0;0;2;12.5587;41.8591;-1;1;Autovettura privata;In marcia / fermata / arresto;Conducente;M;Illeso;0;;Non accertato;Inesploso
5021047;10;10/08/2020 19:00:00;Strada Urbana;VIA TUSCOLANA;in corrispondenza;;del civico n.;823;;Scontro frontale/laterale SX fra veicoli in marcia;Rettilineo;Due carreggiate;Asciutto;Asfaltata;Verticale ed orizzontale;Sereno;Normale;Buona;;0;0;0;2;12.5587;41.8591;-1;2;Motociclo a solo;In marcia / fermata / arresto;Conducente;M;Illeso;0;;Non accertato;
5021047;10;10/08/2020 19:00:00;Strada Urbana;VIA TUSCOLANA;in corrispondenza;;del civico n.;823;;Scontro frontale/laterale SX fra veicoli in marcia;Rettilineo;Due carreggiate;Asciutto;Asfaltata;Verticale ed orizzontale;Sereno;Normale;Buona;;0;0;0;2;12.5587;41.8591;-1;3;Autovettura privata;Sosta;;;;;;;
5021072;1;10/08/2020 17:20:00;Strada Urbana;LUNGOTEVERE DEGLI ANGUILLARA;in prossimit�;;del palo luce n.;9;;Tamponamento Multiplo;Rettilineo;Una carreggiata a senso unico di marcia;Asciutto;Asfaltata;Verticale ed orizzontale;Sereno;Scarso;Buona;;1;0;0;2;12.4758;41.89;-1;1;Autovettura privata;In marcia / fermata / arresto;Conducente;F;Illeso;0;;Non accertato;Inesploso
5021072;1;10/08/2020 17:20:00;Strada Urbana;LUNGOTEVERE DEGLI ANGUILLARA;in prossimit�;;del palo luce n.;9;;Tamponamento Multiplo;Rettilineo;Una carreggiata a senso unico di marcia;Asciutto;Asfaltata;Verticale ed orizzontale;Sereno;Scarso;Buona;;1;0;0;2;12.4758;41.89;-1;2;Autovettura privata;In marcia / fermata / arresto;Conducente;M;Illeso;0;;Non accertato;Inesploso
5021072;1;10/08/2020 17:20:00;Strada Urbana;LUNGOTEVERE DEGLI ANGUILLARA;in prossimit�;;del palo luce n.;9;;Tamponamento Multiplo;Rettilineo;Una carreggiata a senso unico di marcia;Asciutto;Asfaltata;Verticale ed orizzontale;Sereno;Scarso;Buona;;1;0;0;2;12.4758;41.89;-1;3;Autovettura privata;In marcia / fermata / arresto;Conducente;M;Rifiuta cure immediate;0;NON DECEDUTO;Non accertato;Inesploso
5021182;12;10/08/2020 17:25:00;Strada Urbana;VIALE DELL'OCEANO INDIANO;in prossimit�;;del civico n.;19;;Veicolo in marcia contro veicolo in sosta;Rettilineo;Una carreggiata a doppio senso;Asciutto;Strada pavimentata dissestata;Verticale ed orizzontale;Sereno;Normale;Buona;;1;0;0;1;12.4525;41.8266;-1;1;Ciclomotore con passeggero;In marcia / fermata / arresto;Conducente;M;Rimandato;0;NON DECEDUTO;Utilizzato;
5021182;12;10/08/2020 17:25:00;Strada Urbana;VIALE DELL'OCEANO INDIANO;in prossimit�;;del civico n.;19;;Veicolo in marcia contro veicolo in sosta;Rettilineo;Una carreggiata a doppio senso;Asciutto;Strada pavimentata dissestata;Verticale ed orizzontale;Sereno;Normale;Buona;;1;0;0;1;12.4525;41.8266;-1;1;Ciclomotore con passeggero;In marcia / fermata / arresto;Passeggero;M;Illeso;0;;Utilizzato;
5021182;12;10/08/2020 17:25:00;Strada Urbana;VIALE DELL'OCEANO INDIANO;in prossimit�;;del civico n.;19;;Veicolo in marcia contro veicolo in sosta;Rettilineo;Una carreggiata a doppio senso;Asciutto;Strada pavimentata dissestata;Verticale ed orizzontale;Sereno;Normale;Buona;;1;0;0;1;12.4525;41.8266;-1;2;Autovettura privata;Sosta;;;;;;;
5021273;16;09/08/2020 15:50:00;;CIRCONVALLAZIONE GIANICOLENSE;all'intersezione semaforizzata con;VIA S. GIROLAMO EMILIANI;VIA S. GIROLAMO EMILIANI;;;Investimento di pedone;;;;;;;;;;0;0;0;1;12.4496;41.8725;0;1;Autovettura privata;In marcia / fermata / arresto;Conducente;M;Illeso;0;;;
5021301;16;10/08/2020 15:45:00;Strada Urbana;VIALE DEI COLLI PORTUENSI;all'intersezione con;LARGO ALBERTO MISSIROLI;LARGO ALBERTO MISSIROLI;;;Scontro frontale/laterale DX fra veicoli in marcia;Intersezione semaforizzata;Pi� di due carreggiate;Asciutto;Asfaltata;Verticale ed orizzontale;Sereno;Normale;Buona;;1;0;0;2;12.4441;41.8666;-1;1;Autocarro inferiore 35 q.;In marcia / fermata / arresto;Conducente;M;Illeso;0;;;
5021301;16;10/08/2020 15:45:00;Strada Urbana;VIALE DEI COLLI PORTUENSI;all'intersezione con;LARGO ALBERTO MISSIROLI;LARGO ALBERTO MISSIROLI;;;Scontro frontale/laterale DX fra veicoli in marcia;Intersezione semaforizzata;Pi� di due carreggiate;Asciutto;Asfaltata;Verticale ed orizzontale;Sereno;Normale;Buona;;1;0;0;2;12.4441;41.8666;-1;1;Autocarro inferiore 35 q.;In marcia / fermata / arresto;Passeggero;M;Illeso;0;;;
5021301;16;10/08/2020 15:45:00;Strada Urbana;VIALE DEI COLLI PORTUENSI;all'intersezione con;LARGO ALBERTO MISSIROLI;LARGO ALBERTO MISSIROLI;;;Scontro frontale/laterale DX fra veicoli in marcia;Intersezione semaforizzata;Pi� di due carreggiate;Asciutto;Asfaltata;Verticale ed orizzontale;Sereno;Normale;Buona;;1;0;0;2;12.4441;41.8666;-1;2;Motociclo a solo;In marcia / fermata / arresto;Conducente;M;Rimandato;0;NON DECEDUTO;;
5021316;12;11/08/2020 10:30:00;Regionale;VIA PONTINA;da specificare;;;;km 27,300 area parcheggio bar "La sosta";Scontro laterale fra veicoli in marcia;Rettilineo;Una carreggiata a senso unico di marcia;Asciutto;Asfaltata;Verticale ed orizzontale;Sereno;Normale;Buona;;0;0;0;3;12.4831;41.6907;-1;1;Autocarro inferiore 35 q.;In marcia / fermata / arresto;Conducente;M;Illeso;0;;Non accertato;Inesploso
5021316;12;11/08/2020 10:30:00;Regionale;VIA PONTINA;da specificare;;;;km 27,300 area parcheggio bar "La sosta";Scontro laterale fra veicoli in marcia;Rettilineo;Una carreggiata a senso unico di marcia;Asciutto;Asfaltata;Verticale ed orizzontale;Sereno;Normale;Buona;;0;0;0;3;12.4831;41.6907;-1;2;Autocarro inferiore 35 q.;In marcia / fermata / arresto;Conducente;M;Illeso;0;;Non accertato;Inesploso
5021316;12;11/08/2020 10:30:00;Regionale;VIA PONTINA;da specificare;;;;km 27,300 area parcheggio bar "La sosta";Scontro laterale fra veicoli in marcia;Rettilineo;Una carreggiata a senso unico di marcia;Asciutto;Asfaltata;Verticale ed orizzontale;Sereno;Normale;Buona;;0;0;0;3;12.4831;41.6907;-1;2;Autocarro inferiore 35 q.;In marcia / fermata / arresto;Passeggero;F;Illeso;0;;Non accertato;Inesploso
5021369;12;11/08/2020 10:45:00;Strada Urbana;VIALE DEI CADUTI PER LA RESISTENZA;in prossimit�;;del civico n.;697;;Tamponamento;Rettilineo;Una carreggiata a senso unico di marcia;Asciutto;Asfaltata;Verticale ed orizzontale;Sereno;Normale;Buona;;0;0;0;3;12.4413;41.7818;-1;1;Autovettura privata;In marcia / fermata / arresto;Conducente;M;Illeso;0;;Non accertato;Inesploso
5021369;12;11/08/2020 10:45:00;Strada Urbana;VIALE DEI CADUTI PER LA RESISTENZA;in prossimit�;;del civico n.;697;;Tamponamento;Rettilineo;Una carreggiata a senso unico di marcia;Asciutto;Asfaltata;Verticale ed orizzontale;Sereno;Normale;Buona;;0;0;0;3;12.4413;41.7818;-1;1;Autovettura privata;In marcia / fermata / arresto;Passeggero;F;Illeso;0;;Non accertato;Inesploso
5021369;12;11/08/2020 10:45:00;Strada Urbana;VIALE DEI CADUTI PER LA RESISTENZA;in prossimit�;;del civico n.;697;;Tamponamento;Rettilineo;Una carreggiata a senso unico di marcia;Asciutto;Asfaltata;Verticale ed orizzontale;Sereno;Normale;Buona;;0;0;0;3;12.4413;41.7818;-1;2;Autocarro inferiore 35 q.;In marcia / fermata / arresto;Conducente;M;Illeso;0;;Non accertato;Inesploso
5021374;1;11/08/2020 09:55:00;Strada Urbana;PIAZZA VENEZIA;da specificare;;;;ingresso  VITTORIANO ;Veicolo in marcia contro ostacolo fisso;Curva a visuale libera;Una carreggiata a senso unico di marcia;Asciutto;In cubetti di porfido;Assente;Sereno;Normale;Buona;;1;0;0;0;;;0;1;Motociclo a solo;In marcia / fermata / arresto;Conducente;F;Rimandato;0;NON DECEDUTO;Non accertato;
5021392;12;11/08/2020 09:40:00;Strada Urbana;VIA ELIO CHIANESI;da specificare;;;;prossimita' IFO;Veicolo in marcia contro veicolo in sosta;Cavalcavia;Una carreggiata a doppio senso;Asciutto;Asfaltata;Verticale ed orizzontale;Sereno;Normale;Buona;;0;0;0;1;12.4477;41.8016;-1;1;Autovettura privata;In marcia / fermata / arresto;Conducente;F;Illeso;0;;Non accertato;Inesploso
5021392;12;11/08/2020 09:40:00;Strada Urbana;VIA ELIO CHIANESI;da specificare;;;;prossimita' IFO;Veicolo in marcia contro veicolo in sosta;Cavalcavia;Una carreggiata a doppio senso;Asciutto;Asfaltata;Verticale ed orizzontale;Sereno;Normale;Buona;;0;0;0;1;12.4477;41.8016;-1;2;Autovettura privata;Sosta;;;;;;;
5021395;1;11/08/2020 08:35:00;Strada Urbana;VIA SARDEGNA;all'intersezione con;VIA ABRUZZI;VIA ABRUZZI;;;Scontro frontale/laterale SX fra veicoli in marcia;Intersezione stradale segnalata;Una carreggiata a senso unico di marcia;Asciutto;Asfaltata;Verticale ed orizzontale;Sereno;Normale;Buona;;1;0;0;2;12.4922;41.9097;-1;1;Autovettura privata;In marcia / fermata / arresto;Conducente;F;Illeso;0;;Non accertato;
5021395;1;11/08/2020 08:35:00;Strada Urbana;VIA SARDEGNA;all'intersezione con;VIA ABRUZZI;VIA ABRUZZI;;;Scontro frontale/laterale SX fra veicoli in marcia;Intersezione stradale segnalata;Una carreggiata a senso unico di marcia;Asciutto;Asfaltata;Verticale ed orizzontale;Sereno;Normale;Buona;;1;0;0;2;12.4922;41.9097;-1;1;Autovettura privata;In marcia / fermata / arresto;Passeggero;M;Illeso;0;;Non accertato;
5021395;1;11/08/2020 08:35:00;Strada Urbana;VIA SARDEGNA;all'intersezione con;VIA ABRUZZI;VIA ABRUZZI;;;Scontro frontale/laterale SX fra veicoli in marcia;Intersezione stradale segnalata;Una carreggiata a senso unico di marcia;Asciutto;Asfaltata;Verticale ed orizzontale;Sereno;Normale;Buona;;1;0;0;2;12.4922;41.9097;-1;2;Motociclo a solo;In marcia / fermata / arresto;Conducente;F;Rimandato;0;NON DECEDUTO;Non accertato;
5021409;12;10/08/2020 19:35:00;Strada Urbana;VIALE DELLA CIVILTA' DEL LAVORO;all'intersezione con;VIALE BEETHOVEN;VIALE BEETHOVEN;;;Scontro frontale/laterale DX fra veicoli in marcia;Incrocio;Una carreggiata a doppio senso;Asciutto;Asfaltata;Verticale ed orizzontale;Sereno;Normale;Buona;;0;0;0;4;12.4682;41.8358;-1;1;Autovettura privata;In marcia / fermata / arresto;Conducente;M;Illeso;0;;Non accertato;
5021409;12;10/08/2020 19:35:00;Strada Urbana;VIALE DELLA CIVILTA' DEL LAVORO;all'intersezione con;VIALE BEETHOVEN;VIALE BEETHOVEN;;;Scontro frontale/laterale DX fra veicoli in marcia;Incrocio;Una carreggiata a doppio senso;Asciutto;Asfaltata;Verticale ed orizzontale;Sereno;Normale;Buona;;0;0;0;4;12.4682;41.8358;-1;2;Autovettura privata;In marcia / fermata / arresto;Conducente;M;Illeso;0;;Non accertato;
5021409;12;10/08/2020 19:35:00;Strada Urbana;VIALE DELLA CIVILTA' DEL LAVORO;all'intersezione con;VIALE BEETHOVEN;VIALE BEETHOVEN;;;Scontro frontale/laterale DX fra veicoli in marcia;Incrocio;Una carreggiata a doppio senso;Asciutto;Asfaltata;Verticale ed orizzontale;Sereno;Normale;Buona;;0;0;0;4;12.4682;41.8358;-1;2;Autovettura privata;In marcia / fermata / arresto;Passeggero;F;Illeso;0;;Non accertato;
5021409;12;10/08/2020 19:35:00;Strada Urbana;VIALE DELLA CIVILTA' DEL LAVORO;all'intersezione con;VIALE BEETHOVEN;VIALE BEETHOVEN;;;Scontro frontale/laterale DX fra veicoli in marcia;Incrocio;Una carreggiata a doppio senso;Asciutto;Asfaltata;Verticale ed orizzontale;Sereno;Normale;Buona;;0;0;0;4;12.4682;41.8358;-1;2;Autovettura privata;In marcia / fermata / arresto;Passeggero;M;Illeso;0;;Utilizzato;
5021439;17;11/08/2020 08:20:00;Strada Urbana;VIA LUIGI RIZZO;all'intersezione con;VIA RIALTO;VIA RIALTO;;;Tamponamento;Intersezione stradale segnalata;Una carreggiata a senso unico di marcia;Asciutto;Asfaltata;Verticale ed orizzontale;Sereno;Scarso;Buona;;0;0;0;3;12.4454;41.9083;0;1;Autovettura privata;In marcia / fermata / arresto;Conducente;M;Illeso;0;;;
5021439;17;11/08/2020 08:20:00;Strada Urbana;VIA LUIGI RIZZO;all'intersezione con;VIA RIALTO;VIA RIALTO;;;Tamponamento;Intersezione stradale segnalata;Una carreggiata a senso unico di marcia;Asciutto;Asfaltata;Verticale ed orizzontale;Sereno;Scarso;Buona;;0;0;0;3;12.4454;41.9083;0;1;Autovettura privata;In marcia / fermata / arresto;Passeggero;M;Illeso;0;;;
5021439;17;11/08/2020 08:20:00;Strada Urbana;VIA LUIGI RIZZO;all'intersezione con;VIA RIALTO;VIA RIALTO;;;Tamponamento;Intersezione stradale segnalata;Una carreggiata a senso unico di marcia;Asciutto;Asfaltata;Verticale ed orizzontale;Sereno;Scarso;Buona;;0;0;0;3;12.4454;41.9083;0;2;Autovettura privata;In marcia / fermata / arresto;Conducente;M;Illeso;0;;;
5021545;23;04/08/2020 08:08:00;Strada Urbana;CIRCONVALLAZIONE OSTIENSE;all'intersezione semaforizzata con;VIA GIROLAMO BENZONI;VIA GIROLAMO BENZONI;;;Scontro laterale fra veicoli in marcia;Intersezione semaforizzata;Due carreggiate;Asciutto;Asfaltata;Verticale ed orizzontale;Sereno;Normale;Buona;;2;0;0;1;12.4844;41.8673;-1;1;Autocarro inferiore 35 q.;In marcia / fermata / arresto;Conducente;M;Rifiuta cure immediate;0;NON DECEDUTO;Non accertato;
5021545;23;04/08/2020 08:08:00;Strada Urbana;CIRCONVALLAZIONE OSTIENSE;all'intersezione semaforizzata con;VIA GIROLAMO BENZONI;VIA GIROLAMO BENZONI;;;Scontro laterale fra veicoli in marcia;Intersezione semaforizzata;Due carreggiate;Asciutto;Asfaltata;Verticale ed orizzontale;Sereno;Normale;Buona;;2;0;0;1;12.4844;41.8673;-1;2;Autovettura privata;In marcia / fermata / arresto;Conducente;M;Rifiuta cure immediate;0;NON DECEDUTO;Non accertato;
5021545;23;04/08/2020 08:08:00;Strada Urbana;CIRCONVALLAZIONE OSTIENSE;all'intersezione semaforizzata con;VIA GIROLAMO BENZONI;VIA GIROLAMO BENZONI;;;Scontro laterale fra veicoli in marcia;Intersezione semaforizzata;Due carreggiate;Asciutto;Asfaltata;Verticale ed orizzontale;Sereno;Normale;Buona;;2;0;0;1;12.4844;41.8673;-1;2;Autovettura privata;In marcia / fermata / arresto;Passeggero;F;Illeso;0;;Utilizzato;
5021551;19;11/08/2020 14:55:00;Strada Urbana;VIA DI CASAL SELCE;in prossimit�;;del civico n.;400;;Tamponamento Multiplo;Rettilineo;Una carreggiata a doppio senso;Asciutto;Asfaltata;Orizzontale;Sereno;Intenso;Buona;;1;0;0;3;12.354;41.9193;-1;1;Autovettura privata;In marcia / fermata / arresto;Conducente;M;Illeso;0;;;
5021551;19;11/08/2020 14:55:00;Strada Urbana;VIA DI CASAL SELCE;in prossimit�;;del civico n.;400;;Tamponamento Multiplo;Rettilineo;Una carreggiata a doppio senso;Asciutto;Asfaltata;Orizzontale;Sereno;Intenso;Buona;;1;0;0;3;12.354;41.9193;-1;2;Autovettura privata;In marcia / fermata / arresto;Conducente;M;Illeso;0;;;
5021551;19;11/08/2020 14:55:00;Strada Urbana;VIA DI CASAL SELCE;in prossimit�;;del civico n.;400;;Tamponamento Multiplo;Rettilineo;Una carreggiata a doppio senso;Asciutto;Asfaltata;Orizzontale;Sereno;Intenso;Buona;;1;0;0;3;12.354;41.9193;-1;2;Autovettura privata;In marcia / fermata / arresto;Passeggero;M;Illeso;0;;;
5021551;19;11/08/2020 14:55:00;Strada Urbana;VIA DI CASAL SELCE;in prossimit�;;del civico n.;400;;Tamponamento Multiplo;Rettilineo;Una carreggiata a doppio senso;Asciutto;Asfaltata;Orizzontale;Sereno;Intenso;Buona;;1;0;0;3;12.354;41.9193;-1;3;Motociclo a solo;In marcia / fermata / arresto;Conducente;M;Rimandato;0;NON DECEDUTO;;
5021740;12;11/08/2020 13:30:00;Strada Urbana;VIALE GUGLIELMO MARCONI;da specificare;;;;prossimit� via C. Colombo (laterale);Fuoriuscita dalla sede stradale;Curva a visuale libera;Una carreggiata a senso unico di marcia;Asciutto;Asfaltata;Orizzontale;Sereno;Normale;Buona;;2;0;0;0;12.478;41.8449;-1;1;Autovettura di polizia;In marcia / fermata / arresto;Conducente;M;Ricoverato;0;NON DECEDUTO;Non accertato;Esploso
5021740;12;11/08/2020 13:30:00;Strada Urbana;VIALE GUGLIELMO MARCONI;da specificare;;;;prossimit� via C. Colombo (laterale);Fuoriuscita dalla sede stradale;Curva a visuale libera;Una carreggiata a senso unico di marcia;Asciutto;Asfaltata;Orizzontale;Sereno;Normale;Buona;;2;0;0;0;12.478;41.8449;-1;1;Autovettura di polizia;In marcia / fermata / arresto;Passeggero;M;Ricoverato;0;NON DECEDUTO;Non accertato;Esploso
5021768;15;11/08/2020 10:00:00;Strada Urbana;VIA FRANCESCO GRIMALDI;in corrispondenza;;del civico n.;115;;Investimento di pedone;Rettilineo;Due carreggiate;Asciutto;Asfaltata;Verticale ed orizzontale;Sereno;Normale;Buona;;1;0;0;1;12.4665;41.8649;-1;;;;Pedone;M;Ricoverato;0;NON DECEDUTO;;
5021768;15;11/08/2020 10:00:00;Strada Urbana;VIA FRANCESCO GRIMALDI;in corrispondenza;;del civico n.;115;;Investimento di pedone;Rettilineo;Due carreggiate;Asciutto;Asfaltata;Verticale ed orizzontale;Sereno;Normale;Buona;;1;0;0;1;12.4665;41.8649;-1;1;Autovettura privata;In marcia / fermata / arresto;Conducente;F;Illeso;0;;Non accertato;
5021778;15;11/08/2020 10:00:00;Strada Urbana;VIA DAMIANO MACALUSO;all'intersezione con;VIA GEROLAMO CARDANO;VIA GEROLAMO CARDANO;;;Investimento di pedone;Incrocio;Una carreggiata a senso unico di marcia;Asciutto;Asfaltata;Verticale ed orizzontale;Sereno;Normale;Buona;;1;0;0;1;12.468;41.8627;-1;;;;Pedone;M;Rimandato;0;NON DECEDUTO;;
5021778;15;11/08/2020 10:00:00;Strada Urbana;VIA DAMIANO MACALUSO;all'intersezione con;VIA GEROLAMO CARDANO;VIA GEROLAMO CARDANO;;;Investimento di pedone;Incrocio;Una carreggiata a senso unico di marcia;Asciutto;Asfaltata;Verticale ed orizzontale;Sereno;Normale;Buona;;1;0;0;1;12.468;41.8627;-1;1;Autovettura privata;In marcia / fermata / arresto;Conducente;F;Illeso;0;;Non accertato;Inesploso
5021804;15;11/08/2020 13:45:00;Strada Urbana;VIA DELLA PISANA;da specificare;;;;fronte numero civico 453;Tamponamento Multiplo;Curva a visuale libera;Una carreggiata a doppio senso;Asciutto;Asfaltata;Verticale ed orizzontale;Sereno;Normale;Buona;;0;0;0;4;12.389;41.8577;-1;1;Autovettura privata;In marcia / fermata / arresto;Conducente;M;Illeso;0;;Non accertato;Inesploso
5021804;15;11/08/2020 13:45:00;Strada Urbana;VIA DELLA PISANA;da specificare;;;;fronte numero civico 453;Tamponamento Multiplo;Curva a visuale libera;Una carreggiata a doppio senso;Asciutto;Asfaltata;Verticale ed orizzontale;Sereno;Normale;Buona;;0;0;0;4;12.389;41.8577;-1;1;Autovettura privata;In marcia / fermata / arresto;Passeggero;F;Illeso;0;;Non accertato;Inesploso
5021804;15;11/08/2020 13:45:00;Strada Urbana;VIA DELLA PISANA;da specificare;;;;fronte numero civico 453;Tamponamento Multiplo;Curva a visuale libera;Una carreggiata a doppio senso;Asciutto;Asfaltata;Verticale ed orizzontale;Sereno;Normale;Buona;;0;0;0;4;12.389;41.8577;-1;2;Autovettura privata;In marcia / fermata / arresto;Conducente;M;Illeso;0;;Non accertato;Inesploso
5021804;15;11/08/2020 13:45:00;Strada Urbana;VIA DELLA PISANA;da specificare;;;;fronte numero civico 453;Tamponamento Multiplo;Curva a visuale libera;Una carreggiata a doppio senso;Asciutto;Asfaltata;Verticale ed orizzontale;Sereno;Normale;Buona;;0;0;0;4;12.389;41.8577;-1;3;Autovettura privata;In marcia / fermata / arresto;Conducente;F;Illeso;0;;Non accertato;Inesploso
5021810;15;11/08/2020 17:05:00;Strada Urbana;VIA PORTUENSE;all'intersezione semaforizzata con;VIA DI POZZO PANTALEO;VIA DI POZZO PANTALEO;;;Scontro laterale fra veicoli in marcia;Intersezione semaforizzata;Due carreggiate;Asciutto;Asfaltata;Verticale ed orizzontale;Sereno;Normale;Buona;;0;0;0;2;12.414;41.8469;-1;1;Autovettura privata;In marcia / fermata / arresto;Conducente;F;Illeso;0;;Non accertato;Inesploso
5021810;15;11/08/2020 17:05:00;Strada Urbana;VIA PORTUENSE;all'intersezione semaforizzata con;VIA DI POZZO PANTALEO;VIA DI POZZO PANTALEO;;;Scontro laterale fra veicoli in marcia;Intersezione semaforizzata;Due carreggiate;Asciutto;Asfaltata;Verticale ed orizzontale;Sereno;Normale;Buona;;0;0;0;2;12.414;41.8469;-1;2;Motociclo a solo;In marcia / fermata / arresto;Conducente;M;Illeso;0;;Non accertato;
5021819;15;11/08/2020 19:30:00;Strada Urbana;VIA DI MONTE CUCCO;all'intersezione con;VICOLO DI PAPA LEONE;VICOLO DI PAPA LEONE;;;Scontro frontale/laterale DX fra veicoli in marcia;Incrocio;Una carreggiata a doppio senso;Asciutto;Asfaltata;Verticale ed orizzontale;Sereno;Normale;Sufficiente;;1;0;0;1;12.439;41.8435;-1;1;Autovettura privata;In marcia / fermata / arresto;Conducente;M;Illeso;0;;;
5021819;15;11/08/2020 19:30:00;Strada Urbana;VIA DI MONTE CUCCO;all'intersezione con;VICOLO DI PAPA LEONE;VICOLO DI PAPA LEONE;;;Scontro frontale/laterale DX fra veicoli in marcia;Incrocio;Una carreggiata a doppio senso;Asciutto;Asfaltata;Verticale ed orizzontale;Sereno;Normale;Sufficiente;;1;0;0;1;12.439;41.8435;-1;2;Motociclo a solo;In marcia / fermata / arresto;Conducente;M;Rimandato;0;NON DECEDUTO;;