Protocollo;Gruppo;DataOraIncidente;Localizzazione1;STRADA1;Localizzazione2;STRADA2;Strada02;Chilometrica;DaSpecificare;NaturaIncidente;particolaritastrade;TipoStrada;FondoStradale;Pavimentazione;Segnaletica;CondizioneAtmosferica;Traffico;Visibilita;Illuminazione;NUM_FERITI;NUM_RISERVATA;NUM_MORTI;NUM_ILLESI;Longitudine;Latitudine;Confermato;Progressivo;TipoVeicolo;StatoVeicolo;TipoPersona;Sesso;Tipolesione;Deceduto;DecedutoDopo;CinturaCascoUtilizzato;Airbag;
5027196;8;19/08/2020;Strada Urbana;VIALE FRANCESCO CALTAGIRONE;in prossimit�;;del civico n.;201;;Veicolo in marcia contro ostacolo accidentale;Rettilineo;Due carreggiate;Asciutto;Asfaltata;Verticale ed orizzontale;Sereno;Normale;Buona;;0;0;0;3;12.6562;41.9081;-1;1;Autovettura privata;In marcia / fermata / arresto;Passeggero;F;Illeso;0;;;
5027198;8;19/08/2020 01:15:00;Strada Urbana;VIA CASILINA;all'intersezione con;VIA DI FONTANA CANDIDA;VIA DI FONTANA CANDIDA;;;Veicolo in marcia contro ostacolo fisso;Incrocio;Una carreggiata a doppio senso;Asciutto;Asfaltata;Verticale ed orizzontale;Sereno;Normale;Buona;;0;0;0;2;12.6212;41.8626;-1;1;Autovettura privata;In marcia / fermata / arresto;Conducente;M;Illeso;0;;Non accertato;Inesploso
5027198;8;19/08/2020 01:15:00;Strada Urbana;VIA CASILINA;all'intersezione con;VIA DI FONTANA CANDIDA;VIA DI FONTANA CANDIDA;;;Veicolo in marcia contro ostacolo fisso;Incrocio;Una carreggiata a doppio senso;Asciutto;Asfaltata;Verticale ed orizzontale;Sereno;Normale;Buona;;0;0;0;2;12.6212;41.8626;-1;1;Autovettura privata;In marcia / fermata / arresto;Passeggero;M;Illeso;0;;Non accertato;Inesploso
5027260;7;18/08/2020 20:45:00;Strada Urbana;VIA PRENESTINA;in corrispondenza;;del civico n.;1028;;Investimento di pedone;Rettilineo;Una carreggiata a doppio senso;Asciutto;Asfaltata;Orizzontale;Sereno;Normale;Buona;;2;0;0;0;12.6079;41.8936;-1;;;;Pedone;M;Ricoverato;0;NON DECEDUTO;;
5027260;7;18/08/2020 20:45:00;Strada Urbana;VIA PRENESTINA;in corrispondenza;;del civico n.;1028;;Investimento di pedone;Rettilineo;Una carreggiata a doppio senso;Asciutto;Asfaltata;Orizzontale;Sereno;Normale;Buona;;2;0;0;0;12.6079;41.8936;-1;1;Motociclo a solo;In marcia / fermata / arresto;Conducente;M;Rimandato;0;NON DECEDUTO;Non accertato;
5027276;15;18/08/2020 15:30:00;Strada Urbana;VIA PORTUENSE;da specificare;;;;fornice centrale sottopasso ferr. int. Via Volpato;Investimento di pedone;Rettilineo;Pi� di due carreggiate;Asciutto;Asfaltata;Verticale ed orizzontale;Sereno;Normale;Sufficiente;;1;0;0;1;12.414;41.8469;-1;;;;Pedone;F;Rimandato;0;NON DECEDUTO;;
5027276;15;18/08/2020 15:30:00;Strada Urbana;VIA PORTUENSE;da specificare;;;;fornice centrale sottopasso ferr. int. Via Volpato;Investimento di pedone;Rettilineo;Pi� di due carreggiate;Asciutto;Asfaltata;Verticale ed orizzontale;Sereno;Normale;Sufficiente;;1;0;0;1;12.414;41.8469;-1;1;Motociclo a solo;In marcia / fermata / arresto;Conducente;M;Illeso;0;;Non accertato;
5027302;20;19/08/2020 00:15:00;Strada Urbana;CORSO DI FRANCIA;all'intersezione con;VIA CIVITA CASTELLANA;VIA CIVITA CASTELLANA;;;Tamponamento;Intersezione non regolata/non segnalata;Due carreggiate;Asciutto;Asfaltata;Verticale ed orizzontale;Sereno;Scarso;Sufficiente;;0;0;0;3;12.4713;41.9385;-1;1;Autobus urbano;In marcia / fermata / arresto;Conducente;M;Illeso;0;;Non accertato;
5027302;20;19/08/2020 00:15:00;Strada Urbana;CORSO DI FRANCIA;all'intersezione con;VIA CIVITA CASTELLANA;VIA CIVITA CASTELLANA;;;Tamponamento;Intersezione non regolata/non segnalata;Due carreggiate;Asciutto;Asfaltata;Verticale ed orizzontale;Sereno;Scarso;Sufficiente;;0;0;0;3;12.4713;41.9385;-1;2;Autovettura privata;In marcia / fermata / arresto;Conducente;F;Illeso;0;;Non accertato;
5027302;20;19/08/2020 00:15:00;Strada Urbana;CORSO DI FRANCIA;all'intersezione con;VIA CIVITA CASTELLANA;VIA CIVITA CASTELLANA;;;Tamponamento;Intersezione non regolata/non segnalata;Due carreggiate;Asciutto;Asfaltata;Verticale ed orizzontale;Sereno;Scarso;Sufficiente;;0;0;0;3;12.4713;41.9385;-1;2;Autovettura privata;In marcia / fermata / arresto;Passeggero;F;Illeso;0;;Non accertato;
5027314;5;18/08/2020 12:00:00;Strada Urbana;VIALE PALMIRO TOGLIATTI;all'intersezione semaforizzata con;VIALE ETTORE FRANCESCHINI;VIALE ETTORE FRANCESCHINI;;;Scontro frontale/laterale SX fra veicoli in marcia;Incrocio;Due carreggiate;Asciutto;Asfaltata;Verticale ed orizzontale;Sereno;Normale;Buona;;1;0;0;1;12.5724;41.9106;-1;1;Autovettura privata;In marcia / fermata / arresto;Conducente;M;Illeso;0;;;
5027314;5;18/08/2020 12:00:00;Strada Urbana;VIALE PALMIRO TOGLIATTI;all'intersezione semaforizzata con;VIALE ETTORE FRANCESCHINI;VIALE ETTORE FRANCESCHINI;;;Scontro frontale/laterale SX fra veicoli in marcia;Incrocio;Due carreggiate;Asciutto;Asfaltata;Verticale ed orizzontale;Sereno;Normale;Buona;;1;0;0;1;12.5724;41.9106;-1;2;Motociclo a solo;In marcia / fermata / arresto;Conducente;M;Rimandato;0;NON DECEDUTO;;
5027315;13;14/08/2020 14:00:00;Strada Urbana;VIA ORAZIO DELLO SBIRRO;all'intersezione con;VIALE VASCO DE GAMA;VIALE VASCO DE GAMA;;;Investimento di pedone;Incrocio;Una carreggiata a senso unico di marcia;Asciutto;Asfaltata;Orizzontale;Sereno;Scarso;Buona;;1;0;0;2;12.2766;41.7332;0;;;;Pedone;M;Rimandato;0;NON DECEDUTO;;
5027315;13;14/08/2020 14:00:00;Strada Urbana;VIA ORAZIO DELLO SBIRRO;all'intersezione con;VIALE VASCO DE GAMA;VIALE VASCO DE GAMA;;;Investimento di pedone;Incrocio;Una carreggiata a senso unico di marcia;Asciutto;Asfaltata;Orizzontale;Sereno;Scarso;Buona;;1;0;0;2;12.2766;41.7332;0;1;Autovettura privata;In marcia / fermata / arresto;Conducente;M;Illeso;0;;;
5027315;13;14/08/2020 14:00:00;Strada Urbana;VIA ORAZIO DELLO SBIRRO;all'intersezione con;VIALE VASCO DE GAMA;VIALE VASCO DE GAMA;;;Investimento di pedone;Incrocio;Una carreggiata a senso unico di marcia;Asciutto;Asfaltata;Orizzontale;Sereno;Scarso;Buona;;1;0;0;2;12.2766;41.7332;0;1;Autovettura privata;In marcia / fermata / arresto;Passeggero;M;Illeso;0;;Non accertato;Inesploso
5027316;13;16/08/2020 09:50:00;Provinciale;VIA LITORANEA;da specificare;;;;altezza 1� cancello;Scontro frontale/laterale SX fra veicoli in marcia;Rettilineo;Una carreggiata a doppio senso;Asciutto;Asfaltata;Verticale ed orizzontale;Sereno;Normale;Buona;;0;0;0;4;12.3735;41.6876;-1;1;Altro;In marcia / fermata / arresto;Conducente;M;Illeso;0;;Non accertato;Inesploso
5027316;13;16/08/2020 09:50:00;Provinciale;VIA LITORANEA;da specificare;;;;altezza 1� cancello;Scontro frontale/laterale SX fra veicoli in marcia;Rettilineo;Una carreggiata a doppio senso;Asciutto;Asfaltata;Verticale ed orizzontale;Sereno;Normale;Buona;;0;0;0;4;12.3735;41.6876;-1;1;Altro;In marcia / fermata / arresto;Passeggero;F;Illeso;0;;;
5027316;13;16/08/2020 09:50:00;Provinciale;VIA LITORANEA;da specificare;;;;altezza 1� cancello;Scontro frontale/laterale SX fra veicoli in marcia;Rettilineo;Una carreggiata a doppio senso;Asciutto;Asfaltata;Verticale ed orizzontale;Sereno;Normale;Buona;;0;0;0;4;12.3735;41.6876;-1;2;Motociclo con passeggero;In marcia / fermata / arresto;Conducente;M;Illeso;0;;Non accertato;
5027316;13;16/08/2020 09:50:00;Provinciale;VIA LITORANEA;da specificare;;;;altezza 1� cancello;Scontro frontale/laterale SX fra veicoli in marcia;Rettilineo;Una carreggiata a doppio senso;Asciutto;Asfaltata;Verticale ed orizzontale;Sereno;Normale;Buona;;0;0;0;4;12.3735;41.6876;-1;2;Motociclo con passeggero;In marcia / fermata / arresto;Passeggero;F;Illeso;0;;;
5027318;6;19/08/2020 04:20:00;Statale entro l'abitato;VIALE DELLA PRIMAVERA;all'intersezione semaforizzata con;VIA CASILINA;VIA CASILINA;;;Veicolo in marcia contro ostacolo fisso;Intersezione semaforizzata;Due carreggiate;Asciutto;Asfaltata;Verticale ed orizzontale;Sereno;Scarso;Buona;;0;0;0;0;12.5574;41.8754;-1;1;Autovettura privata;In marcia / fermata / arresto;;;;;;;
5027319;13;17/08/2020 12:25:00;Strada Urbana;PIAZZALE DELLA POSTA;all'intersezione con;VIA ARMANDO ARMUZZI;VIA ARMANDO ARMUZZI;;;Scontro laterale fra veicoli in marcia;Rotatoria;Una carreggiata a doppio senso;Asciutto;Asfaltata;Verticale ed orizzontale;Sereno;Normale;Buona;;0;0;0;3;12.2779;41.7319;-1;1;Autovettura privata;In marcia / fermata / arresto;Conducente;M;Illeso;0;;Non accertato;Inesploso
5027319;13;17/08/2020 12:25:00;Strada Urbana;PIAZZALE DELLA POSTA;all'intersezione con;VIA ARMANDO ARMUZZI;VIA ARMANDO ARMUZZI;;;Scontro laterale fra veicoli in marcia;Rotatoria;Una carreggiata a doppio senso;Asciutto;Asfaltata;Verticale ed orizzontale;Sereno;Normale;Buona;;0;0;0;3;12.2779;41.7319;-1;2;Autovettura privata;In marcia / fermata / arresto;Conducente;F;Illeso;0;;Non accertato;Inesploso
5027319;13;17/08/2020 12:25:00;Strada Urbana;PIAZZALE DELLA POSTA;all'intersezione con;VIA ARMANDO ARMUZZI;VIA ARMANDO ARMUZZI;;;Scontro laterale fra veicoli in marcia;Rotatoria;Una carreggiata a doppio senso;Asciutto;Asfaltata;Verticale ed orizzontale;Sereno;Normale;Buona;;0;0;0;3;12.2779;41.7319;-1;2;Autovettura privata;In marcia / fermata / arresto;Passeggero;M;Illeso;0;;Non accertato;Inesploso
5027322;13;18/08/2020 08:30:00;Strada Urbana;VIA DEL CANALE DELLA LINGUA;in corrispondenza;;del civico n.;198;;Scontro frontale/laterale DX fra veicoli in marcia;Rettilineo;Una carreggiata a doppio senso;Asciutto;Asfaltata;Verticale ed orizzontale;Sereno;Normale;Buona;;0;0;0;5;12.3484;41.7339;-1;1;Autovettura privata;In marcia / fermata / arresto;Conducente;M;Illeso;0;;Non accertato;Inesploso
5027322;13;18/08/2020 08:30:00;Strada Urbana;VIA DEL CANALE DELLA LINGUA;in corrispondenza;;del civico n.;198;;Scontro frontale/laterale DX fra veicoli in marcia;Rettilineo;Una carreggiata a doppio senso;Asciutto;Asfaltata;Verticale ed orizzontale;Sereno;Normale;Buona;;0;0;0;5;12.3484;41.7339;-1;1;Autovettura privata;In marcia / fermata / arresto;Passeggero;M;Illeso;0;;Non accertato;Inesploso
5027322;13;18/08/2020 08:30:00;Strada Urbana;VIA DEL CANALE DELLA LINGUA;in corrispondenza;;del civico n.;198;;Scontro frontale/laterale DX fra veicoli in marcia;Rettilineo;Una carreggiata a doppio senso;Asciutto;Asfaltata;Verticale ed orizzontale;Sereno;Normale;Buona;;0;0;0;5;12.3484;41.7339;-1;1;Autovettura privata;In marcia / fermata / arresto;Passeggero;F;Illeso;0;;Non accertato;Inesploso
5027322;13;18/08/2020 08:30:00;Strada Urbana;VIA DEL CANALE DELLA LINGUA;in corrispondenza;;del civico n.;198;;Scontro frontale/laterale DX fra veicoli in marcia;Rettilineo;Una carreggiata a doppio senso;Asciutto;Asfaltata;Verticale ed orizzontale;Sereno;Normale;Buona;;0;0;0;5;12.3484;41.7339;-1;1;Autovettura privata;In marcia / fermata / arresto;Passeggero;M;Illeso;0;;Non accertato;Inesploso
5027322;13;18/08/2020 08:30:00;Strada Urbana;VIA DEL CANALE DELLA LINGUA;in corrispondenza;;del civico n.;198;;Scontro frontale/laterale DX fra veicoli in marcia;Rettilineo;Una carreggiata a doppio senso;Asciutto;Asfaltata;Verticale ed orizzontale;Sereno;Normale;Buona;;0;0;0;5;12.3484;41.7339;-1;2;Autovettura privata;In marcia / fermata / arresto;Conducente;F;Illeso;0;;Non accertato;Inesploso
5027323;13;18/08/2020 10:30:00;Strada Urbana;VIA DI SAPONARA;all'intersezione con;VIALE ENRICO ORTOLANI;VIALE ENRICO ORTOLANI;;;Scontro frontale/laterale SX fra veicoli in marcia;Incrocio;Una carreggiata a doppio senso;Asciutto;Asfaltata;Verticale ed orizzontale;Sereno;Normale;Buona;;0;0;0;4;12.3537;41.7772;-1;1;Autovettura privata;In marcia / fermata / arresto;Conducente;F;Illeso;0;;Non accertato;Inesploso
5027323;13;18/08/2020 10:30:00;Strada Urbana;VIA DI SAPONARA;all'intersezione con;VIALE ENRICO ORTOLANI;VIALE ENRICO ORTOLANI;;;Scontro frontale/laterale SX fra veicoli in marcia;Incrocio;Una carreggiata a doppio senso;Asciutto;Asfaltata;Verticale ed orizzontale;Sereno;Normale;Buona;;0;0;0;4;12.3537;41.7772;-1;1;Autovettura privata;In marcia / fermata / arresto;Passeggero;F;Illeso;0;;Non accertato;Inesploso
5027323;13;18/08/2020 10:30:00;Strada Urbana;VIA DI SAPONARA;all'intersezione con;VIALE ENRICO ORTOLANI;VIALE ENRICO ORTOLANI;;;Scontro frontale/laterale SX fra veicoli in marcia;Incrocio;Una carreggiata a doppio senso;Asciutto;Asfaltata;Verticale ed orizzontale;Sereno;Normale;Buona;;0;0;0;4;12.3537;41.7772;-1;1;Autovettura privata;In marcia / fermata / arresto;Passeggero;M;Illeso;0;;Non accertato;Inesploso
5027323;13;18/08/2020 10:30:00;Strada Urbana;VIA DI SAPONARA;all'intersezione con;VIALE ENRICO ORTOLANI;VIALE ENRICO ORTOLANI;;;Scontro frontale/laterale SX fra veicoli in marcia;Incrocio;Una carreggiata a doppio senso;Asciutto;Asfaltata;Verticale ed orizzontale;Sereno;Normale;Buona;;0;0;0;4;12.3537;41.7772;-1;2;Autovettura privata;In marcia / fermata / arresto;Conducente;M;Illeso;0;;Non accertato;Inesploso
5027326;13;18/08/2020 08:00:00;Strada Urbana;PIAZZA DEI RAVENNATI;all'intersezione con;LUNGOMARE PAOLO TOSCANELLI;LUNGOMARE PAOLO TOSCANELLI;;;Scontro frontale/laterale SX fra veicoli in marcia;Rotatoria;Due carreggiate;Asciutto;Asfaltata;Verticale ed orizzontale;Sereno;Normale;Buona;;1;0;0;1;12.2765;41.7297;-1;1;Autovettura privata;In marcia / fermata / arresto;Conducente;M;Rimandato;0;NON DECEDUTO;;
5027326;13;18/08/2020 08:00:00;Strada Urbana;PIAZZA DEI RAVENNATI;all'intersezione con;LUNGOMARE PAOLO TOSCANELLI;LUNGOMARE PAOLO TOSCANELLI;;;Scontro frontale/laterale SX fra veicoli in marcia;Rotatoria;Due carreggiate;Asciutto;Asfaltata;Verticale ed orizzontale;Sereno;Normale;Buona;;1;0;0;1;12.2765;41.7297;-1;2;Autovettura privata;In marcia / fermata / arresto;Conducente;M;Illeso;0;;;
5027329;13;18/08/2020 17:05:00;Strada Urbana;VIALE DEL SOMMERGIBILE;all'intersezione con;LUNGOMARE DUCA DEGLI ABRUZZI;LUNGOMARE DUCA DEGLI ABRUZZI;;;Scontro frontale/laterale DX fra veicoli in marcia;Intersezione stradale segnalata;Una carreggiata a senso unico di marcia;Asciutto;Asfaltata;Verticale;Sereno;Normale;Buona;;0;0;0;3;12.2623;41.736;-1;1;Autovettura privata;In marcia / fermata / arresto;Conducente;F;Illeso;0;;Non accertato;Inesploso
5027329;13;18/08/2020 17:05:00;Strada Urbana;VIALE DEL SOMMERGIBILE;all'intersezione con;LUNGOMARE DUCA DEGLI ABRUZZI;LUNGOMARE DUCA DEGLI ABRUZZI;;;Scontro frontale/laterale DX fra veicoli in marcia;Intersezione stradale segnalata;Una carreggiata a senso unico di marcia;Asciutto;Asfaltata;Verticale;Sereno;Normale;Buona;;0;0;0;3;12.2623;41.736;-1;1;Autovettura privata;In marcia / fermata / arresto;Passeggero;M;Illeso;0;;Non accertato;Inesploso
5027329;13;18/08/2020 17:05:00;Strada Urbana;VIALE DEL SOMMERGIBILE;all'intersezione con;LUNGOMARE DUCA DEGLI ABRUZZI;LUNGOMARE DUCA DEGLI ABRUZZI;;;Scontro frontale/laterale DX fra veicoli in marcia;Intersezione stradale segnalata;Una carreggiata a senso unico di marcia;Asciutto;Asfaltata;Verticale;Sereno;Normale;Buona;;0;0;0;3;12.2623;41.736;-1;2;Autovettura privata;In marcia / fermata / arresto;Conducente;M;Illeso;0;;Non accertato;Inesploso
5027331;13;18/08/2020 14:50:00;;VIA DEL MARE;all'intersezione con;VIA GUIDO CALZA;VIA GUIDO CALZA;;;Tamponamento;;;;;;;;;;0;0;0;3;12.4632;41.8403;0;1;Autovettura privata;In marcia / fermata / arresto;Conducente;M;Illeso;0;;;
5027331;13;18/08/2020 14:50:00;;VIA DEL MARE;all'intersezione con;VIA GUIDO CALZA;VIA GUIDO CALZA;;;Tamponamento;;;;;;;;;;0;0;0;3;12.4632;41.8403;0;1;Autovettura privata;In marcia / fermata / arresto;Passeggero;F;Illeso;0;;Non accertato;Inesploso
5027331;13;18/08/2020 14:50:00;;VIA DEL MARE;all'intersezione con;VIA GUIDO CALZA;VIA GUIDO CALZA;;;Tamponamento;;;;;;;;;;0;0;0;3;12.4632;41.8403;0;2;Autovettura privata;In marcia / fermata / arresto;Conducente;F;Illeso;0;;;
5027337;5;19/08/2020 04:50:00;Strada Urbana;VIA TIBURTINA;da specificare;;;;prossimit� sottovia San Getullo;Tamponamento;Rettilineo;Due carreggiate;Asciutto;Asfaltata;Verticale ed orizzontale;Sereno;Scarso;Sufficiente;;0;0;0;3;12.6382;41.941;-1;1;Autovettura privata;In marcia / fermata / arresto;Conducente;M;Illeso;0;;Non accertato;
5027337;5;19/08/2020 04:50:00;Strada Urbana;VIA TIBURTINA;da specificare;;;;prossimit� sottovia San Getullo;Tamponamento;Rettilineo;Due carreggiate;Asciutto;Asfaltata;Verticale ed orizzontale;Sereno;Scarso;Sufficiente;;0;0;0;3;12.6382;41.941;-1;2;Autovettura privata;In marcia / fermata / arresto;Conducente;M;Illeso;0;;Non accertato;
5027337;5;19/08/2020 04:50:00;Strada Urbana;VIA TIBURTINA;da specificare;;;;prossimit� sottovia San Getullo;Tamponamento;Rettilineo;Due carreggiate;Asciutto;Asfaltata;Verticale ed orizzontale;Sereno;Scarso;Sufficiente;;0;0;0;3;12.6382;41.941;-1;2;Autovettura privata;In marcia / fermata / arresto;Passeggero;F;Illeso;0;;Non accertato;
5027459;18;17/08/2020 10:30:00;Strada Urbana;VIA GREGORIO VII;in prossimit�;;del civico n.;190;;Scontro frontale/laterale SX fra veicoli in marcia;Curva a visuale libera;Pi� di due carreggiate;Asciutto;Asfaltata;Verticale ed orizzontale;Sereno;Normale;Buona;;0;0;0;4;12.4432;41.8965;-1;1;Autovettura privata;In marcia / fermata / arresto;Conducente;F;Illeso;0;;Non accertato;Inesploso
5027459;18;17/08/2020 10:30:00;Strada Urbana;VIA GREGORIO VII;in prossimit�;;del civico n.;190;;Scontro frontale/laterale SX fra veicoli in marcia;Curva a visuale libera;Pi� di due carreggiate;Asciutto;Asfaltata;Verticale ed orizzontale;Sereno;Normale;Buona;;0;0;0;4;12.4432;41.8965;-1;1;Autovettura privata;In marcia / fermata / arresto;Passeggero;F;Illeso;0;;Non accertato;Inesploso
5027459;18;17/08/2020 10:30:00;Strada Urbana;VIA GREGORIO VII;in prossimit�;;del civico n.;190;;Scontro frontale/laterale SX fra veicoli in marcia;Curva a visuale libera;Pi� di due carreggiate;Asciutto;Asfaltata;Verticale ed orizzontale;Sereno;Normale;Buona;;0;0;0;4;12.4432;41.8965;-1;1;Autovettura privata;In marcia / fermata / arresto;Passeggero;F;Illeso;0;;Non accertato;Inesploso
5027459;18;17/08/2020 10:30:00;Strada Urbana;VIA GREGORIO VII;in prossimit�;;del civico n.;190;;Scontro frontale/laterale SX fra veicoli in marcia;Curva a visuale libera;Pi� di due carreggiate;Asciutto;Asfaltata;Verticale ed orizzontale;Sereno;Normale;Buona;;0;0;0;4;12.4432;41.8965;-1;2;Autovettura privata;In marcia / fermata / arresto;Conducente;M;Illeso;0;;Non accertato;Inesploso
5027459;18;17/08/2020 10:30:00;Strada Urbana;VIA GREGORIO VII;in prossimit�;;del civico n.;190;;Scontro frontale/laterale SX fra veicoli in marcia;Curva a visuale libera;Pi� di due carreggiate;Asciutto;Asfaltata;Verticale ed orizzontale;Sereno;Normale;Buona;;0;0;0;4;12.4432;41.8965;-1;3;Autovettura privata;Sosta;;;;;;;
5027477;12;19/08/2020 01:10:00;Provinciale entro l'abitato;VIA OSTIENSE;all'intersezione semaforizzata con;VIA DELL'IPPICA;VIA DELL'IPPICA;;;Scontro frontale fra veicoli in marcia;Intersezione semaforizzata;Una carreggiata a doppio senso;Asciutto;Asfaltata;Verticale ed orizzontale;Sereno;Normale;Buona;;0;1;0;2;12.4361;41.8196;-1;1;Autovettura privata;In marcia / fermata / arresto;Conducente;M;Illeso;0;;Utilizzato;Esploso
5027477;12;19/08/2020 01:10:00;Provinciale entro l'abitato;VIA OSTIENSE;all'intersezione semaforizzata con;VIA DELL'IPPICA;VIA DELL'IPPICA;;;Scontro frontale fra veicoli in marcia;Intersezione semaforizzata;Una carreggiata a doppio senso;Asciutto;Asfaltata;Verticale ed orizzontale;Sereno;Normale;Buona;;0;1;0;2;12.4361;41.8196;-1;1;Autovettura privata;In marcia / fermata / arresto;Passeggero;M;Illeso;0;;Utilizzato;Esploso
5027477;12;19/08/2020 01:10:00;Provinciale entro l'abitato;VIA OSTIENSE;all'intersezione semaforizzata con;VIA DELL'IPPICA;VIA DELL'IPPICA;;;Scontro frontale fra veicoli in marcia;Intersezione semaforizzata;Una carreggiata a doppio senso;Asciutto;Asfaltata;Verticale ed orizzontale;Sereno;Normale;Buona;;0;1;0;2;12.4361;41.8196;-1;2;Motociclo a solo;In marcia / fermata / arresto;Conducente;M;Prognosi riservata;0;NON DECEDUTO;Utilizzato;
5027512;17;18/08/2020 21:00:00;Strada Urbana;VIA GIUSEPPE DI BARTOLO;all'intersezione con;VIA FRANCESCO DELL'ANNO;VIA FRANCESCO DELL'ANNO;;;Scontro frontale/laterale DX fra veicoli in marcia;Incrocio;Una carreggiata a senso unico di marcia;Asciutto;Asfaltata;Verticale ed orizzontale;Sereno;Scarso;Sufficiente;;0;0;0;3;12.4437;41.9036;0;1;Autovettura privata;In marcia / fermata / arresto;Conducente;M;Illeso;0;;;
5027512;17;18/08/2020 21:00:00;Strada Urbana;VIA GIUSEPPE DI BARTOLO;all'intersezione con;VIA FRANCESCO DELL'ANNO;VIA FRANCESCO DELL'ANNO;;;Scontro frontale/laterale DX fra veicoli in marcia;Incrocio;Una carreggiata a senso unico di marcia;Asciutto;Asfaltata;Verticale ed orizzontale;Sereno;Scarso;Sufficiente;;0;0;0;3;12.4437;41.9036;0;1;Autovettura privata;In marcia / fermata / arresto;Passeggero;F;Illeso;0;;;
5027512;17;18/08/2020 21:00:00;Strada Urbana;VIA GIUSEPPE DI BARTOLO;all'intersezione con;VIA FRANCESCO DELL'ANNO;VIA FRANCESCO DELL'ANNO;;;Scontro frontale/laterale DX fra veicoli in marcia;Incrocio;Una carreggiata a senso unico di marcia;Asciutto;Asfaltata;Verticale ed orizzontale;Sereno;Scarso;Sufficiente;;0;0;0;3;12.4437;41.9036;0;2;Autovettura privata;In marcia / fermata / arresto;Conducente;;Illeso;0;;;
5027545;2;19/08/2020 01:40:00;Strada Urbana;VIALE DEL MURO TORTO;da specificare;;;;dir. Brasile alt. palo ACEA n. 17;Veicolo in marcia contro ostacolo fisso;Curva senza visuale libera;Due carreggiate;Asciutto;Asfaltata;Verticale ed orizzontale;Sereno;Normale;Buona;;1;0;0;0;12.4817;41.9107;-1;1;Autovettura privata;In marcia / fermata / arresto;Conducente;F;Rimandato;0;NON DECEDUTO;Non accertato;Esploso
5027548;17;18/08/2020 21:45:00;Strada Urbana;VIA CRESCENZIO;all'intersezione con;VIA PROPERZIO;VIA PROPERZIO;;;Scontro frontale/laterale DX fra veicoli in marcia;Incrocio;Una carreggiata a senso unico di marcia;Asciutto;Asfaltata;Verticale ed orizzontale;Sereno;Scarso;Sufficiente;;0;0;0;5;12.4639;41.9057;-1;1;Autovettura privata;In marcia / fermata / arresto;Conducente;M;Illeso;0;;;
5027548;17;18/08/2020 21:45:00;Strada Urbana;VIA CRESCENZIO;all'intersezione con;VIA PROPERZIO;VIA PROPERZIO;;;Scontro frontale/laterale DX fra veicoli in marcia;Incrocio;Una carreggiata a senso unico di marcia;Asciutto;Asfaltata;Verticale ed orizzontale;Sereno;Scarso;Sufficiente;;0;0;0;5;12.4639;41.9057;-1;1;Autovettura privata;In marcia / fermata / arresto;Passeggero;M;Illeso;0;;;
5027548;17;18/08/2020 21:45:00;Strada Urbana;VIA CRESCENZIO;all'intersezione con;VIA PROPERZIO;VIA PROPERZIO;;;Scontro frontale/laterale DX fra veicoli in marcia;Incrocio;Una carreggiata a senso unico di marcia;Asciutto;Asfaltata;Verticale ed orizzontale;Sereno;Scarso;Sufficiente;;0;0;0;5;12.4639;41.9057;-1;1;Autovettura privata;In marcia / fermata / arresto;Passeggero;M;Illeso;0;;;
5027548;17;18/08/2020 21:45:00;Strada Urbana;VIA CRESCENZIO;all'intersezione con;VIA PROPERZIO;VIA PROPERZIO;;;Scontro frontale/laterale DX fra veicoli in marcia;Incrocio;Una carreggiata a senso unico di marcia;Asciutto;Asfaltata;Verticale ed orizzontale;Sereno;Scarso;Sufficiente;;0;0;0;5;12.4639;41.9057;-1;2;Autovettura privata;In marcia / fermata / arresto;Conducente;M;Illeso;0;;Non accertato;
5027548;17;18/08/2020 21:45:00;Strada Urbana;VIA CRESCENZIO;all'intersezione con;VIA PROPERZIO;VIA PROPERZIO;;;Scontro frontale/laterale DX fra veicoli in marcia;Incrocio;Una carreggiata a senso unico di marcia;Asciutto;Asfaltata;Verticale ed orizzontale;Sereno;Scarso;Sufficiente;;0;0;0;5;12.4639;41.9057;-1;2;Autovettura privata;In marcia / fermata / arresto;Passeggero;F;Illeso;0;;;
5027558;7;19/08/2020 11:40:00;Strada Urbana;VIALE DELLA PRIMAVERA;all'intersezione con;PIAZZALE DELLE GARDENIE;PIAZZALE DELLE GARDENIE;;;Tamponamento;Incrocio;Due carreggiate;Asciutto;Asfaltata;Orizzontale;Sereno;Normale;Buona;;1;0;0;1;12.5611;41.8861;-1;1;Autovettura privata;In marcia / fermata / arresto;Conducente;M;Ricoverato;0;NON DECEDUTO;;
5027558;7;19/08/2020 11:40:00;Strada Urbana;VIALE DELLA PRIMAVERA;all'intersezione con;PIAZZALE DELLE GARDENIE;PIAZZALE DELLE GARDENIE;;;Tamponamento;Incrocio;Due carreggiate;Asciutto;Asfaltata;Orizzontale;Sereno;Normale;Buona;;1;0;0;1;12.5611;41.8861;-1;2;Autovettura privata;In marcia / fermata / arresto;Conducente;M;Illeso;0;;Non accertato;Inesploso