Protocollo;Gruppo;DataOraIncidente;Localizzazione1;STRADA1;Localizzazione2;STRADA2;Strada02;Chilometrica;DaSpecificare;NaturaIncidente;particolaritastrade;TipoStrada;FondoStradale;Pavimentazione;Segnaletica;CondizioneAtmosferica;Traffico;Visibilita;Illuminazione;NUM_FERITI;NUM_RISERVATA;NUM_MORTI;NUM_ILLESI;Longitudine;Latitudine;Confermato;Progressivo;TipoVeicolo;StatoVeicolo;TipoPersona;Sesso;Tipolesione;Deceduto;DecedutoDopo;CinturaCascoUtilizzato;Airbag;
5030593;10;22/08/2020 22:00:00;Strada Urbana;VIA FIUMEFREDDO DI SICILIA;all'intersezione con;VIA MOTTA SANT'ANASTASIA;VIA MOTTA SANT'ANASTASIA;;;Scontro frontale/laterale DX fra veicoli in marcia;Incrocio;Due carreggiate;Asciutto;Asfaltata;Assente;Sereno;Scarso;Sufficiente;;2;0;0;1;12.6517;41.8771;-1;1;Autovettura privata;In marcia / fermata / arresto;Passeggero;M;Rimandato;0;NON DECEDUTO;Non accertato;Esploso
5030593;10;22/08/2020 22:00:00;Strada Urbana;VIA FIUMEFREDDO DI SICILIA;all'intersezione con;VIA MOTTA SANT'ANASTASIA;VIA MOTTA SANT'ANASTASIA;;;Scontro frontale/laterale DX fra veicoli in marcia;Incrocio;Due carreggiate;Asciutto;Asfaltata;Assente;Sereno;Scarso;Sufficiente;;2;0;0;1;12.6517;41.8771;-1;2;Autovettura privata;In marcia / fermata / arresto;;;;;;;
5030771;10;22/08/2020 12:15:00;Strada Urbana;VIA AL QUARTO MIGLIO;all'intersezione con;VIA S. CARLO DA SEZZE;VIA S. CARLO DA SEZZE;;;Scontro frontale fra veicoli in marcia;Intersezione stradale segnalata;Una carreggiata a senso unico di marcia;Asciutto;Asfaltata;Assente;Sereno;Normale;Buona;;0;0;0;3;12.5476;41.8449;-1;1;Autovettura privata;In marcia / fermata / arresto;Conducente;F;Illeso;0;;Non accertato;Inesploso
5030771;10;22/08/2020 12:15:00;Strada Urbana;VIA AL QUARTO MIGLIO;all'intersezione con;VIA S. CARLO DA SEZZE;VIA S. CARLO DA SEZZE;;;Scontro frontale fra veicoli in marcia;Intersezione stradale segnalata;Una carreggiata a senso unico di marcia;Asciutto;Asfaltata;Assente;Sereno;Normale;Buona;;0;0;0;3;12.5476;41.8449;-1;1;Autovettura privata;In marcia / fermata / arresto;Passeggero;F;Illeso;0;;Non accertato;Inesploso
5030771;10;22/08/2020 12:15:00;Strada Urbana;VIA AL QUARTO MIGLIO;all'intersezione con;VIA S. CARLO DA SEZZE;VIA S. CARLO DA SEZZE;;;Scontro frontale fra veicoli in marcia;Intersezione stradale segnalata;Una carreggiata a senso unico di marcia;Asciutto;Asfaltata;Assente;Sereno;Normale;Buona;;0;0;0;3;12.5476;41.8449;-1;2;Autovettura privata;In marcia / fermata / arresto;Conducente;M;Illeso;0;;Non accertato;Inesploso
5030782;10;22/08/2020 15:25:00;Strada Urbana;VIA TUSCOLANA;all'intersezione con;VIA DI TOR VERGATA;VIA DI TOR VERGATA;;;Veicolo in marcia contro ostacolo fisso;Intersezione stradale segnalata;Una carreggiata a doppio senso;Asciutto;Asfaltata;Verticale ed orizzontale;Sereno;Normale;Buona;;0;0;0;2;12.6205;41.8305;-1;1;Autovettura privata;In marcia / fermata / arresto;Conducente;M;Illeso;0;;Non accertato;Inesploso
5030782;10;22/08/2020 15:25:00;Strada Urbana;VIA TUSCOLANA;all'intersezione con;VIA DI TOR VERGATA;VIA DI TOR VERGATA;;;Veicolo in marcia contro ostacolo fisso;Intersezione stradale segnalata;Una carreggiata a doppio senso;Asciutto;Asfaltata;Verticale ed orizzontale;Sereno;Normale;Buona;;0;0;0;2;12.6205;41.8305;-1;1;Autovettura privata;In marcia / fermata / arresto;Passeggero;F;Illeso;0;;Non accertato;Inesploso
5030789;12;22/08/2020 16:30:00;Strada Urbana;VIA EDOARDO AMALDI;all'intersezione con;VIA GIAN ANTONIO MAGGI;VIA GIAN ANTONIO MAGGI;;;Investimento di pedone;Incrocio;Una carreggiata a senso unico di marcia;Asciutto;Asfaltata;Verticale ed orizzontale;Sereno;Scarso;Buona;;1;0;0;1;12.4877;41.7946;-1;;;;Pedone;M;Ricoverato;0;NON DECEDUTO;;
5030789;12;22/08/2020 16:30:00;Strada Urbana;VIA EDOARDO AMALDI;all'intersezione con;VIA GIAN ANTONIO MAGGI;VIA GIAN ANTONIO MAGGI;;;Investimento di pedone;Incrocio;Una carreggiata a senso unico di marcia;Asciutto;Asfaltata;Verticale ed orizzontale;Sereno;Scarso;Buona;;1;0;0;1;12.4877;41.7946;-1;1;Autovettura privata;In marcia / fermata / arresto;Conducente;F;Illeso;0;;;
5030802;12;22/08/2020 19:20:00;Provinciale;VIA PONTINA;in corrispondenza;;della chilometrica;15.7;;Scontro laterale fra veicoli in marcia;Rettilineo;Due carreggiate;Asciutto;Asfaltata;Verticale ed orizzontale;Sereno;Normale;Buona;;0;0;0;3;12.4313;41.7382;-1;1;Autovettura privata;In marcia / fermata / arresto;Conducente;M;Illeso;0;;Non accertato;Inesploso
5030802;12;22/08/2020 19:20:00;Provinciale;VIA PONTINA;in corrispondenza;;della chilometrica;15.7;;Scontro laterale fra veicoli in marcia;Rettilineo;Due carreggiate;Asciutto;Asfaltata;Verticale ed orizzontale;Sereno;Normale;Buona;;0;0;0;3;12.4313;41.7382;-1;1;Autovettura privata;In marcia / fermata / arresto;Passeggero;M;Illeso;0;;Non accertato;Inesploso
5030802;12;22/08/2020 19:20:00;Provinciale;VIA PONTINA;in corrispondenza;;della chilometrica;15.7;;Scontro laterale fra veicoli in marcia;Rettilineo;Due carreggiate;Asciutto;Asfaltata;Verticale ed orizzontale;Sereno;Normale;Buona;;0;0;0;3;12.4313;41.7382;-1;2;Autovettura privata;In marcia / fermata / arresto;Conducente;F;Illeso;0;;Non accertato;Esploso
5030809;18;21/08/2020 17:00:00;Comunale extraurbana;VIA DI ACQUAFREDDA;da specificare;;;;palo Acea 68 ;Scontro laterale fra veicoli in marcia;Rettilineo;Una carreggiata a doppio senso;Asciutto;Asfaltata;Verticale ed orizzontale;Sereno;Scarso;Buona;;1;0;0;1;12.3956;41.8939;-1;1;Autovettura privata;In marcia / fermata / arresto;Conducente;M;Illeso;0;;;
5030809;18;21/08/2020 17:00:00;Comunale extraurbana;VIA DI ACQUAFREDDA;da specificare;;;;palo Acea 68 ;Scontro laterale fra veicoli in marcia;Rettilineo;Una carreggiata a doppio senso;Asciutto;Asfaltata;Verticale ed orizzontale;Sereno;Scarso;Buona;;1;0;0;1;12.3956;41.8939;-1;2;Motociclo a solo;In marcia / fermata / arresto;Conducente;M;Rimandato;0;NON DECEDUTO;;
5030815;18;21/08/2020 17:30:00;Strada Urbana;VIA DELLA MAGLIANELLA;da specificare;;;;rampa di raccorda tra la via, il GRA e via Boccea;Tamponamento Multiplo;Rettilineo;Una carreggiata a senso unico di marcia;Asciutto;Asfaltata;Verticale ed orizzontale;Sereno;Normale;Buona;;0;0;0;4;12.3873;41.9135;-1;1;Autovettura privata;In marcia / fermata / arresto;Conducente;M;Illeso;0;;Non accertato;Inesploso
5030815;18;21/08/2020 17:30:00;Strada Urbana;VIA DELLA MAGLIANELLA;da specificare;;;;rampa di raccorda tra la via, il GRA e via Boccea;Tamponamento Multiplo;Rettilineo;Una carreggiata a senso unico di marcia;Asciutto;Asfaltata;Verticale ed orizzontale;Sereno;Normale;Buona;;0;0;0;4;12.3873;41.9135;-1;2;Autovettura privata;In marcia / fermata / arresto;Conducente;M;Illeso;0;;Non accertato;Inesploso
5030815;18;21/08/2020 17:30:00;Strada Urbana;VIA DELLA MAGLIANELLA;da specificare;;;;rampa di raccorda tra la via, il GRA e via Boccea;Tamponamento Multiplo;Rettilineo;Una carreggiata a senso unico di marcia;Asciutto;Asfaltata;Verticale ed orizzontale;Sereno;Normale;Buona;;0;0;0;4;12.3873;41.9135;-1;2;Autovettura privata;In marcia / fermata / arresto;Passeggero;F;Illeso;0;;Non accertato;Inesploso
5030815;18;21/08/2020 17:30:00;Strada Urbana;VIA DELLA MAGLIANELLA;da specificare;;;;rampa di raccorda tra la via, il GRA e via Boccea;Tamponamento Multiplo;Rettilineo;Una carreggiata a senso unico di marcia;Asciutto;Asfaltata;Verticale ed orizzontale;Sereno;Normale;Buona;;0;0;0;4;12.3873;41.9135;-1;3;Autovettura privata;In marcia / fermata / arresto;Conducente;M;Illeso;0;;Non accertato;Inesploso
5030817;6;22/08/2020 15:30:00;Strada Urbana;VIA PRENESTINA;in prossimit�;;del civico n.;248;;Veicolo in marcia contro veicolo fermo;Rettilineo;Pi� di due carreggiate;Asciutto;Asfaltata;Verticale ed orizzontale;Sereno;Scarso;Buona;;1;0;0;1;12.5424;41.8927;-1;1;Autovettura privata;In marcia / fermata / arresto;Conducente;M;Illeso;0;;;
5030817;6;22/08/2020 15:30:00;Strada Urbana;VIA PRENESTINA;in prossimit�;;del civico n.;248;;Veicolo in marcia contro veicolo fermo;Rettilineo;Pi� di due carreggiate;Asciutto;Asfaltata;Verticale ed orizzontale;Sereno;Scarso;Buona;;1;0;0;1;12.5424;41.8927;-1;2;Monopattino elettrico;In marcia / fermata / arresto;Conducente;M;Rifiuta cure immediate;0;NON DECEDUTO;;
5030823;18;21/08/2020 21:25:00;Strada Urbana;VIA BALDO DEGLI UBALDI;da specificare;;;;fronte civico 38;Scontro laterale fra veicoli in marcia;Rettilineo;Due carreggiate;Asciutto;Asfaltata;Orizzontale;Sereno;Scarso;Sufficiente;;1;0;0;1;12.4363;41.8999;-1;1;Autovettura privata;In marcia / fermata / arresto;Conducente;M;Illeso;0;;Non accertato;Inesploso
5030823;18;21/08/2020 21:25:00;Strada Urbana;VIA BALDO DEGLI UBALDI;da specificare;;;;fronte civico 38;Scontro laterale fra veicoli in marcia;Rettilineo;Due carreggiate;Asciutto;Asfaltata;Orizzontale;Sereno;Scarso;Sufficiente;;1;0;0;1;12.4363;41.8999;-1;2;Motociclo a solo;In marcia / fermata / arresto;Conducente;M;Rimandato;0;NON DECEDUTO;Non accertato;
5030860;18;22/08/2020 21:30:00;Strada Urbana;VIA GREGORIO VII;all'intersezione semaforizzata con;VIA S. DAMASO;VIA S. DAMASO;;;Scontro frontale/laterale DX fra veicoli in marcia;Intersezione semaforizzata;Pi� di due carreggiate;Asciutto;Asfaltata;Verticale ed orizzontale;Sereno;Scarso;Buona;;1;0;0;2;12.4401;41.8959;-1;1;Autovettura privata;In marcia / fermata / arresto;Conducente;M;Illeso;0;;Non accertato;Esploso
5030860;18;22/08/2020 21:30:00;Strada Urbana;VIA GREGORIO VII;all'intersezione semaforizzata con;VIA S. DAMASO;VIA S. DAMASO;;;Scontro frontale/laterale DX fra veicoli in marcia;Intersezione semaforizzata;Pi� di due carreggiate;Asciutto;Asfaltata;Verticale ed orizzontale;Sereno;Scarso;Buona;;1;0;0;2;12.4401;41.8959;-1;1;Autovettura privata;In marcia / fermata / arresto;Passeggero;M;Illeso;0;;Non accertato;Esploso
5030860;18;22/08/2020 21:30:00;Strada Urbana;VIA GREGORIO VII;all'intersezione semaforizzata con;VIA S. DAMASO;VIA S. DAMASO;;;Scontro frontale/laterale DX fra veicoli in marcia;Intersezione semaforizzata;Pi� di due carreggiate;Asciutto;Asfaltata;Verticale ed orizzontale;Sereno;Scarso;Buona;;1;0;0;2;12.4401;41.8959;-1;2;Motociclo a solo;In marcia / fermata / arresto;Conducente;M;Ricoverato;0;NON DECEDUTO;Non accertato;
5030862;18;22/08/2020 10:30:00;Strada Urbana;VIA DI TORREVECCHIA;in prossimit�;;del civico n.;1066;;Tamponamento Multiplo;Rettilineo;Una carreggiata a doppio senso;Asciutto;Asfaltata;Verticale ed orizzontale;Sereno;Normale;Buona;;0;0;0;4;12.4022;41.9124;-1;1;Autovettura privata;In marcia / fermata / arresto;Conducente;M;Illeso;0;;Non accertato;Inesploso
5030862;18;22/08/2020 10:30:00;Strada Urbana;VIA DI TORREVECCHIA;in prossimit�;;del civico n.;1066;;Tamponamento Multiplo;Rettilineo;Una carreggiata a doppio senso;Asciutto;Asfaltata;Verticale ed orizzontale;Sereno;Normale;Buona;;0;0;0;4;12.4022;41.9124;-1;2;Autovettura privata;In marcia / fermata / arresto;Conducente;F;Illeso;0;;Non accertato;Inesploso
5030862;18;22/08/2020 10:30:00;Strada Urbana;VIA DI TORREVECCHIA;in prossimit�;;del civico n.;1066;;Tamponamento Multiplo;Rettilineo;Una carreggiata a doppio senso;Asciutto;Asfaltata;Verticale ed orizzontale;Sereno;Normale;Buona;;0;0;0;4;12.4022;41.9124;-1;3;Autovettura privata;In marcia / fermata / arresto;Conducente;M;Illeso;0;;Non accertato;Inesploso
5030862;18;22/08/2020 10:30:00;Strada Urbana;VIA DI TORREVECCHIA;in prossimit�;;del civico n.;1066;;Tamponamento Multiplo;Rettilineo;Una carreggiata a doppio senso;Asciutto;Asfaltata;Verticale ed orizzontale;Sereno;Normale;Buona;;0;0;0;4;12.4022;41.9124;-1;3;Autovettura privata;In marcia / fermata / arresto;Passeggero;F;Illeso;0;;Non accertato;Inesploso
5030870;20;22/08/2020 12:45:00;Strada Urbana;VIALE DI TOR DI QUINTO;in prossimit�;;del civico n.;119;;Tamponamento;Rettilineo;Due carreggiate;Asciutto;Asfaltata;Verticale ed orizzontale;Sereno;Scarso;Buona;;0;0;0;2;12.4864;41.9452;-1;1;Autovettura privata;In marcia / fermata / arresto;Conducente;M;Illeso;0;;Non accertato;
5030870;20;22/08/2020 12:45:00;Strada Urbana;VIALE DI TOR DI QUINTO;in prossimit�;;del civico n.;119;;Tamponamento;Rettilineo;Due carreggiate;Asciutto;Asfaltata;Verticale ed orizzontale;Sereno;Scarso;Buona;;0;0;0;2;12.4864;41.9452;-1;2;Autovettura privata;In marcia / fermata / arresto;Conducente;M;Illeso;0;;Non accertato;
5030876;20;22/08/2020 15:35:00;Regionale;VIA FLAMINIA;in prossimit�;;della chilometrica;18.2;;Scontro frontale/laterale SX fra veicoli in marcia;Curva senza visuale libera;Una carreggiata a doppio senso;Asciutto;Asfaltata;Verticale ed orizzontale;Sereno;Normale;Buona;;4;0;0;2;12.4718;41.9419;-1;1;Autovettura privata;In marcia / fermata / arresto;Conducente;M;Ricoverato;0;NON DECEDUTO;Non accertato;Esploso
5030876;20;22/08/2020 15:35:00;Regionale;VIA FLAMINIA;in prossimit�;;della chilometrica;18.2;;Scontro frontale/laterale SX fra veicoli in marcia;Curva senza visuale libera;Una carreggiata a doppio senso;Asciutto;Asfaltata;Verticale ed orizzontale;Sereno;Normale;Buona;;4;0;0;2;12.4718;41.9419;-1;1;Autovettura privata;In marcia / fermata / arresto;Passeggero;F;Rimandato;0;NON DECEDUTO;Non accertato;Esploso
5030876;20;22/08/2020 15:35:00;Regionale;VIA FLAMINIA;in prossimit�;;della chilometrica;18.2;;Scontro frontale/laterale SX fra veicoli in marcia;Curva senza visuale libera;Una carreggiata a doppio senso;Asciutto;Asfaltata;Verticale ed orizzontale;Sereno;Normale;Buona;;4;0;0;2;12.4718;41.9419;-1;2;Motociclo a solo;In marcia / fermata / arresto;Conducente;M;Illeso;0;;Non accertato;
5030876;20;22/08/2020 15:35:00;Regionale;VIA FLAMINIA;in prossimit�;;della chilometrica;18.2;;Scontro frontale/laterale SX fra veicoli in marcia;Curva senza visuale libera;Una carreggiata a doppio senso;Asciutto;Asfaltata;Verticale ed orizzontale;Sereno;Normale;Buona;;4;0;0;2;12.4718;41.9419;-1;3;Autovettura privata;In marcia / fermata / arresto;Conducente;M;Rimandato;0;NON DECEDUTO;Non accertato;
5030876;20;22/08/2020 15:35:00;Regionale;VIA FLAMINIA;in prossimit�;;della chilometrica;18.2;;Scontro frontale/laterale SX fra veicoli in marcia;Curva senza visuale libera;Una carreggiata a doppio senso;Asciutto;Asfaltata;Verticale ed orizzontale;Sereno;Normale;Buona;;4;0;0;2;12.4718;41.9419;-1;4;Autovettura privata;In marcia / fermata / arresto;Conducente;M;Rimandato;0;NON DECEDUTO;Non accertato;
5030876;20;22/08/2020 15:35:00;Regionale;VIA FLAMINIA;in prossimit�;;della chilometrica;18.2;;Scontro frontale/laterale SX fra veicoli in marcia;Curva senza visuale libera;Una carreggiata a doppio senso;Asciutto;Asfaltata;Verticale ed orizzontale;Sereno;Normale;Buona;;4;0;0;2;12.4718;41.9419;-1;5;Autobus in extraurbana;In marcia / fermata / arresto;Conducente;M;Illeso;0;;Non accertato;
5030967;4;22/08/2020 10:05:00;Strada Urbana;VIA DI VALLE MELAINA;da specificare;;;;fronte civico 74;Scontro frontale fra veicoli in marcia;Rettilineo;Due carreggiate;Asciutto;Asfaltata;Verticale ed orizzontale;Sereno;Normale;Buona;;1;0;0;1;12.5258;41.9486;-1;1;Monopattino elettrico;In marcia / fermata / arresto;Conducente;M;Rimandato;0;NON DECEDUTO;;
5030967;4;22/08/2020 10:05:00;Strada Urbana;VIA DI VALLE MELAINA;da specificare;;;;fronte civico 74;Scontro frontale fra veicoli in marcia;Rettilineo;Due carreggiate;Asciutto;Asfaltata;Verticale ed orizzontale;Sereno;Normale;Buona;;1;0;0;1;12.5258;41.9486;-1;2;Autovettura privata;In marcia / fermata / arresto;Conducente;M;Illeso;0;;;Inesploso
5030975;4;22/08/2020 15:30:00;Strada Urbana;VIA DI SETTEBAGNI;in prossimit�;;del civico n.;716;;Scontro frontale fra veicoli in marcia;Curva senza visuale libera;Una carreggiata a senso unico di marcia;Asciutto;Asfaltata;Verticale ed orizzontale;Sereno;Normale;Buona;;1;0;0;3;12.5196;41.9877;-1;1;Autovettura privata;In marcia / fermata / arresto;Conducente;M;Rimandato;0;NON DECEDUTO;;
5030975;4;22/08/2020 15:30:00;Strada Urbana;VIA DI SETTEBAGNI;in prossimit�;;del civico n.;716;;Scontro frontale fra veicoli in marcia;Curva senza visuale libera;Una carreggiata a senso unico di marcia;Asciutto;Asfaltata;Verticale ed orizzontale;Sereno;Normale;Buona;;1;0;0;3;12.5196;41.9877;-1;2;Autocarro inferiore 35 q.;In marcia / fermata / arresto;Conducente;M;Illeso;0;;;
5030975;4;22/08/2020 15:30:00;Strada Urbana;VIA DI SETTEBAGNI;in prossimit�;;del civico n.;716;;Scontro frontale fra veicoli in marcia;Curva senza visuale libera;Una carreggiata a senso unico di marcia;Asciutto;Asfaltata;Verticale ed orizzontale;Sereno;Normale;Buona;;1;0;0;3;12.5196;41.9877;-1;2;Autocarro inferiore 35 q.;In marcia / fermata / arresto;Passeggero;M;Illeso;0;;;
5030975;4;22/08/2020 15:30:00;Strada Urbana;VIA DI SETTEBAGNI;in prossimit�;;del civico n.;716;;Scontro frontale fra veicoli in marcia;Curva senza visuale libera;Una carreggiata a senso unico di marcia;Asciutto;Asfaltata;Verticale ed orizzontale;Sereno;Normale;Buona;;1;0;0;3;12.5196;41.9877;-1;2;Autocarro inferiore 35 q.;In marcia / fermata / arresto;Passeggero;M;Illeso;0;;;
5030981;4;22/08/2020 17:30:00;Strada Urbana;VIA UGO OJETTI;da specificare;;;;rampa garage condominiale civ. 137;Veicolo in marcia contro ostacolo fisso;Rettilineo;Una carreggiata a senso unico di marcia;Asciutto;Asfaltata;Assente;Sereno;Scarso;Buona;;1;0;0;0;12.5546;41.947;-1;1;Autovettura privata;In marcia / fermata / arresto;Conducente;M;Ricoverato;0;NON DECEDUTO;;
5030987;4;22/08/2020 20:05:00;Comunale extraurbana;VIA DI SETTEBAGNI;da specificare;;;;100 mt.dopo svincolo uscita G.R.A. dir. Bel Poggio;Veicolo in marcia contro animale;Rettilineo;Una carreggiata a doppio senso;Asciutto;Asfaltata;Orizzontale;Sereno;Scarso;Buona;;0;0;0;1;12.5402;41.9773;-1;1;Autovettura privata;In marcia / fermata / arresto;Conducente;M;Illeso;0;;;
5030991;11;22/08/2020 20:30:00;;VIA LAURENTINA;in prossimit�;;del palo luce n.;92;;Investimento di pedone;;;;;;;;;;0;0;1;2;;;0;;;;Pedone non identificato;M;Deceduto sul posto;-1;;;
5030991;11;22/08/2020 20:30:00;;VIA LAURENTINA;in prossimit�;;del palo luce n.;92;;Investimento di pedone;;;;;;;;;;0;0;1;2;;;0;1;Autovettura privata;In marcia / fermata / arresto;Conducente;M;Illeso;0;;;
5030991;11;22/08/2020 20:30:00;;VIA LAURENTINA;in prossimit�;;del palo luce n.;92;;Investimento di pedone;;;;;;;;;;0;0;1;2;;;0;1;Autovettura privata;In marcia / fermata / arresto;Passeggero;F;Illeso;0;;;
5031147;8;22/08/2020 00:05:00;Strada Urbana;VIA DI TOR BELLA MONACA;da specificare;;;;altezza rampa di immissione da via Aspertini;Veicolo in marcia contro veicolo fermo;Rettilineo;Una carreggiata a senso unico di marcia;Asciutto;Asfaltata;Verticale ed orizzontale;Sereno;Scarso;Buona;;0;0;0;4;12.6281;41.8764;-1;1;Autovettura privata;In marcia / fermata / arresto;Conducente;F;Illeso;0;;Non accertato;Inesploso
5031147;8;22/08/2020 00:05:00;Strada Urbana;VIA DI TOR BELLA MONACA;da specificare;;;;altezza rampa di immissione da via Aspertini;Veicolo in marcia contro veicolo fermo;Rettilineo;Una carreggiata a senso unico di marcia;Asciutto;Asfaltata;Verticale ed orizzontale;Sereno;Scarso;Buona;;0;0;0;4;12.6281;41.8764;-1;1;Autovettura privata;In marcia / fermata / arresto;Passeggero;M;Illeso;0;;Non accertato;Inesploso
5031147;8;22/08/2020 00:05:00;Strada Urbana;VIA DI TOR BELLA MONACA;da specificare;;;;altezza rampa di immissione da via Aspertini;Veicolo in marcia contro veicolo fermo;Rettilineo;Una carreggiata a senso unico di marcia;Asciutto;Asfaltata;Verticale ed orizzontale;Sereno;Scarso;Buona;;0;0;0;4;12.6281;41.8764;-1;1;Autovettura privata;In marcia / fermata / arresto;Passeggero;M;Illeso;0;;Non accertato;Inesploso
5031147;8;22/08/2020 00:05:00;Strada Urbana;VIA DI TOR BELLA MONACA;da specificare;;;;altezza rampa di immissione da via Aspertini;Veicolo in marcia contro veicolo fermo;Rettilineo;Una carreggiata a senso unico di marcia;Asciutto;Asfaltata;Verticale ed orizzontale;Sereno;Scarso;Buona;;0;0;0;4;12.6281;41.8764;-1;2;Autovettura privata;In marcia / fermata / arresto;Conducente;F;Illeso;0;;;
5031148;8;22/08/2020 09:10:00;Strada Urbana;VIALE OXFORD;da specificare;;;;corsia di accesso al PTV tra il 4� e 5� palo luce;Scontro frontale/laterale DX fra veicoli in marcia;Rettilineo;Pi� di due carreggiate;Asciutto;Asfaltata;Verticale ed orizzontale;Sereno;Normale;Buona;;0;0;0;2;12.6276;41.8611;-1;1;Autovettura privata;In marcia / fermata / arresto;Conducente;M;Illeso;0;;Non accertato;Inesploso
5031148;8;22/08/2020 09:10:00;Strada Urbana;VIALE OXFORD;da specificare;;;;corsia di accesso al PTV tra il 4� e 5� palo luce;Scontro frontale/laterale DX fra veicoli in marcia;Rettilineo;Pi� di due carreggiate;Asciutto;Asfaltata;Verticale ed orizzontale;Sereno;Normale;Buona;;0;0;0;2;12.6276;41.8611;-1;2;Autobus di linea;In marcia / fermata / arresto;Conducente;M;Illeso;0;;Non accertato;Inesploso
5031149;8;22/08/2020 10:15:00;Statale entro l'abitato;VIA CASILINA;in prossimit�;;del civico n.;1878;;Scontro laterale fra veicoli in marcia;Rettilineo;Una carreggiata a doppio senso;Asciutto;Asfaltata;Assente;Sereno;Normale;Buona;;0;0;0;2;12.6888;41.8628;-1;1;Autovettura privata;In marcia / fermata / arresto;Conducente;M;Illeso;0;;Non accertato;Inesploso
5031149;8;22/08/2020 10:15:00;Statale entro l'abitato;VIA CASILINA;in prossimit�;;del civico n.;1878;;Scontro laterale fra veicoli in marcia;Rettilineo;Una carreggiata a doppio senso;Asciutto;Asfaltata;Assente;Sereno;Normale;Buona;;0;0;0;2;12.6888;41.8628;-1;2;Autocarro inferiore 35 q.;In marcia / fermata / arresto;Conducente;M;Illeso;0;;Non accertato;Inesploso
5031150;8;22/08/2020 14:15:00;Strada Urbana;VIA DI TOR BELLA MONACA;all'intersezione con;VIALE PAOLO FERDINANDO QUAGLIA;VIALE PAOLO FERDINANDO QUAGLIA;;;Scontro frontale/laterale DX fra veicoli in marcia;Incrocio;Una carreggiata a doppio senso;Asciutto;Asfaltata;Verticale ed orizzontale;Sereno;Scarso;Buona;;0;0;0;4;12.6281;41.8764;-1;1;Autovettura privata;In marcia / fermata / arresto;Conducente;M;Illeso;0;;Non accertato;Inesploso
5031150;8;22/08/2020 14:15:00;Strada Urbana;VIA DI TOR BELLA MONACA;all'intersezione con;VIALE PAOLO FERDINANDO QUAGLIA;VIALE PAOLO FERDINANDO QUAGLIA;;;Scontro frontale/laterale DX fra veicoli in marcia;Incrocio;Una carreggiata a doppio senso;Asciutto;Asfaltata;Verticale ed orizzontale;Sereno;Scarso;Buona;;0;0;0;4;12.6281;41.8764;-1;1;Autovettura privata;In marcia / fermata / arresto;Passeggero;F;Illeso;0;;Non accertato;Inesploso
5031150;8;22/08/2020 14:15:00;Strada Urbana;VIA DI TOR BELLA MONACA;all'intersezione con;VIALE PAOLO FERDINANDO QUAGLIA;VIALE PAOLO FERDINANDO QUAGLIA;;;Scontro frontale/laterale DX fra veicoli in marcia;Incrocio;Una carreggiata a doppio senso;Asciutto;Asfaltata;Verticale ed orizzontale;Sereno;Scarso;Buona;;0;0;0;4;12.6281;41.8764;-1;2;Autovettura privata;In marcia / fermata / arresto;Conducente;F;Illeso;0;;Non accertato;Inesploso
5031150;8;22/08/2020 14:15:00;Strada Urbana;VIA DI TOR BELLA MONACA;all'intersezione con;VIALE PAOLO FERDINANDO QUAGLIA;VIALE PAOLO FERDINANDO QUAGLIA;;;Scontro frontale/laterale DX fra veicoli in marcia;Incrocio;Una carreggiata a doppio senso;Asciutto;Asfaltata;Verticale ed orizzontale;Sereno;Scarso;Buona;;0;0;0;4;12.6281;41.8764;-1;2;Autovettura privata;In marcia / fermata / arresto;Passeggero;M;Illeso;0;;Non accertato;Inesploso
5031152;8;22/08/2020 16:50:00;Strada Urbana;VIA PRENESTINA NUOVA;all'intersezione semaforizzata con;VIA DI ROCCA CENCIA;VIA DI ROCCA CENCIA;;;Scontro frontale/laterale DX fra veicoli in marcia;Intersezione semaforizzata;Una carreggiata a doppio senso;Asciutto;Asfaltata;Verticale ed orizzontale;Sereno;Normale;Buona;;2;0;0;2;12.7111;41.8855;-1;1;Autovettura privata;In marcia / fermata / arresto;Conducente;M;Illeso;0;;Non accertato;Inesploso
5031152;8;22/08/2020 16:50:00;Strada Urbana;VIA PRENESTINA NUOVA;all'intersezione semaforizzata con;VIA DI ROCCA CENCIA;VIA DI ROCCA CENCIA;;;Scontro frontale/laterale DX fra veicoli in marcia;Intersezione semaforizzata;Una carreggiata a doppio senso;Asciutto;Asfaltata;Verticale ed orizzontale;Sereno;Normale;Buona;;2;0;0;2;12.7111;41.8855;-1;1;Autovettura privata;In marcia / fermata / arresto;Passeggero;M;Illeso;0;;Non accertato;Inesploso