Protocollo;Gruppo;DataOraIncidente;Localizzazione1;STRADA1;Localizzazione2;STRADA2;Strada02;Chilometrica;DaSpecificare;NaturaIncidente;particolaritastrade;TipoStrada;FondoStradale;Pavimentazione;Segnaletica;CondizioneAtmosferica;Traffico;Visibilita;Illuminazione;NUM_FERITI;NUM_RISERVATA;NUM_MORTI;NUM_ILLESI;Longitudine;Latitudine;Confermato;Progressivo;TipoVeicolo;StatoVeicolo;TipoPersona;Sesso;Tipolesione;Deceduto;DecedutoDopo;CinturaCascoUtilizzato;Airbag;
5031340;4;23/08/2020 20:55:00;Strada Urbana;VIA DEI PRATI FISCALI;da specificare;;;;altezza Largo Valtournanche;Investimento di pedone;Rettilineo;Due carreggiate;Asciutto;Asfaltata;Verticale ed orizzontale;Sereno;Scarso;Sufficiente;;1;0;1;0;12.5159;41.946;-1;1;Autovettura privata;In marcia / fermata / arresto;Conducente;M;Rifiuta cure immediate;0;NON DECEDUTO;;
5031341;7;24/08/2020 00:01:00;Strada Urbana;VIA DEL GRANO;in prossimit�;;del civico n.;56;;Veicolo in marcia contro veicoli in sosta;Rettilineo;Una carreggiata a senso unico di marcia;Asciutto;Asfaltata;Assente;Sereno;Scarso;Sufficiente;;0;0;0;0;12.5761;41.8763;-1;2;Autovettura privata;Sosta;;;;;;;
5031341;7;24/08/2020 00:01:00;Strada Urbana;VIA DEL GRANO;in prossimit�;;del civico n.;56;;Veicolo in marcia contro veicoli in sosta;Rettilineo;Una carreggiata a senso unico di marcia;Asciutto;Asfaltata;Assente;Sereno;Scarso;Sufficiente;;0;0;0;0;12.5761;41.8763;-1;3;Autovettura privata;Sosta;;;;;;;
5031356;18;23/08/2020 22:30:00;Strada Urbana;VIA ANASTASIO II;in prossimit�;;del civico n.;37;;Veicolo in marcia contro veicolo fermo;Rettilineo;Una carreggiata a doppio senso;Asciutto;Asfaltata;Verticale;Sereno;Normale;Sufficiente;;2;0;0;2;12.4388;41.8959;-1;1;Autovettura privata;In marcia / fermata / arresto;Conducente;M;Illeso;0;;Non accertato;Inesploso
5031356;18;23/08/2020 22:30:00;Strada Urbana;VIA ANASTASIO II;in prossimit�;;del civico n.;37;;Veicolo in marcia contro veicolo fermo;Rettilineo;Una carreggiata a doppio senso;Asciutto;Asfaltata;Verticale;Sereno;Normale;Sufficiente;;2;0;0;2;12.4388;41.8959;-1;1;Autovettura privata;In marcia / fermata / arresto;Passeggero;F;Illeso;0;;Non accertato;Inesploso
5031356;18;23/08/2020 22:30:00;Strada Urbana;VIA ANASTASIO II;in prossimit�;;del civico n.;37;;Veicolo in marcia contro veicolo fermo;Rettilineo;Una carreggiata a doppio senso;Asciutto;Asfaltata;Verticale;Sereno;Normale;Sufficiente;;2;0;0;2;12.4388;41.8959;-1;2;Ciclomotore con passeggero;In marcia / fermata / arresto;Conducente;M;Rimandato;0;NON DECEDUTO;Non accertato;
5031356;18;23/08/2020 22:30:00;Strada Urbana;VIA ANASTASIO II;in prossimit�;;del civico n.;37;;Veicolo in marcia contro veicolo fermo;Rettilineo;Una carreggiata a doppio senso;Asciutto;Asfaltata;Verticale;Sereno;Normale;Sufficiente;;2;0;0;2;12.4388;41.8959;-1;2;Ciclomotore con passeggero;In marcia / fermata / arresto;Passeggero;M;Rimandato;0;NON DECEDUTO;Non accertato;
5031357;5;22/08/2020 19:20:00;Strada Urbana;VIA TIBURTINA;in prossimit�;;del civico n.;648;;Scontro laterale fra veicoli in marcia;Rettilineo;Due carreggiate;Asciutto;Asfaltata;Verticale ed orizzontale;Sereno;Normale;Buona;;0;0;0;2;12.5476;41.9098;-1;1;Autovettura privata;In marcia / fermata / arresto;Conducente;M;Illeso;0;;;
5031357;5;22/08/2020 19:20:00;Strada Urbana;VIA TIBURTINA;in prossimit�;;del civico n.;648;;Scontro laterale fra veicoli in marcia;Rettilineo;Due carreggiate;Asciutto;Asfaltata;Verticale ed orizzontale;Sereno;Normale;Buona;;0;0;0;2;12.5476;41.9098;-1;2;Autovettura privata;In marcia / fermata / arresto;Conducente;M;Illeso;0;;;
5031358;1;22/08/2020 12:20:00;Strada Urbana;LUNGOTEVERE GIANICOLENSE;all'intersezione con;PONTE GIUSEPPE MAZZINI;PONTE GIUSEPPE MAZZINI;;;Scontro laterale fra veicoli in marcia;Intersezione semaforizzata;Una carreggiata a senso unico di marcia;Asciutto;Asfaltata;Verticale ed orizzontale;Sereno;Normale;Buona;;0;0;0;5;12.4655;41.8957;-1;1;Autocarro inferiore 35 q.;In marcia / fermata / arresto;Conducente;M;Illeso;0;;;
5031358;1;22/08/2020 12:20:00;Strada Urbana;LUNGOTEVERE GIANICOLENSE;all'intersezione con;PONTE GIUSEPPE MAZZINI;PONTE GIUSEPPE MAZZINI;;;Scontro laterale fra veicoli in marcia;Intersezione semaforizzata;Una carreggiata a senso unico di marcia;Asciutto;Asfaltata;Verticale ed orizzontale;Sereno;Normale;Buona;;0;0;0;5;12.4655;41.8957;-1;1;Autocarro inferiore 35 q.;In marcia / fermata / arresto;Passeggero;F;Illeso;0;;;
5031358;1;22/08/2020 12:20:00;Strada Urbana;LUNGOTEVERE GIANICOLENSE;all'intersezione con;PONTE GIUSEPPE MAZZINI;PONTE GIUSEPPE MAZZINI;;;Scontro laterale fra veicoli in marcia;Intersezione semaforizzata;Una carreggiata a senso unico di marcia;Asciutto;Asfaltata;Verticale ed orizzontale;Sereno;Normale;Buona;;0;0;0;5;12.4655;41.8957;-1;1;Autocarro inferiore 35 q.;In marcia / fermata / arresto;Passeggero;F;Illeso;0;;;
5031358;1;22/08/2020 12:20:00;Strada Urbana;LUNGOTEVERE GIANICOLENSE;all'intersezione con;PONTE GIUSEPPE MAZZINI;PONTE GIUSEPPE MAZZINI;;;Scontro laterale fra veicoli in marcia;Intersezione semaforizzata;Una carreggiata a senso unico di marcia;Asciutto;Asfaltata;Verticale ed orizzontale;Sereno;Normale;Buona;;0;0;0;5;12.4655;41.8957;-1;1;Autocarro inferiore 35 q.;In marcia / fermata / arresto;Passeggero;M;Illeso;0;;;
5031358;1;22/08/2020 12:20:00;Strada Urbana;LUNGOTEVERE GIANICOLENSE;all'intersezione con;PONTE GIUSEPPE MAZZINI;PONTE GIUSEPPE MAZZINI;;;Scontro laterale fra veicoli in marcia;Intersezione semaforizzata;Una carreggiata a senso unico di marcia;Asciutto;Asfaltata;Verticale ed orizzontale;Sereno;Normale;Buona;;0;0;0;5;12.4655;41.8957;-1;2;Autovettura privata;In marcia / fermata / arresto;Conducente;M;Illeso;0;;;
5031360;4;23/08/2020 20:30:00;Strada Urbana;VIA AMALIA BETTINI;all'intersezione semaforizzata con;VIA UGO DELLA SETA;VIA UGO DELLA SETA;;;Scontro laterale fra veicoli in marcia;Intersezione stradale segnalata;Una carreggiata a senso unico di marcia;Asciutto;Asfaltata;Verticale ed orizzontale;Sereno;Normale;Sufficiente;;0;0;0;3;12.5252;41.9609;-1;1;Autobus di linea;In marcia / fermata / arresto;Conducente;M;Illeso;0;;Non accertato;Inesploso
5031360;4;23/08/2020 20:30:00;Strada Urbana;VIA AMALIA BETTINI;all'intersezione semaforizzata con;VIA UGO DELLA SETA;VIA UGO DELLA SETA;;;Scontro laterale fra veicoli in marcia;Intersezione stradale segnalata;Una carreggiata a senso unico di marcia;Asciutto;Asfaltata;Verticale ed orizzontale;Sereno;Normale;Sufficiente;;0;0;0;3;12.5252;41.9609;-1;2;Autovettura privata;In marcia / fermata / arresto;Conducente;M;Illeso;0;;;
5031360;4;23/08/2020 20:30:00;Strada Urbana;VIA AMALIA BETTINI;all'intersezione semaforizzata con;VIA UGO DELLA SETA;VIA UGO DELLA SETA;;;Scontro laterale fra veicoli in marcia;Intersezione stradale segnalata;Una carreggiata a senso unico di marcia;Asciutto;Asfaltata;Verticale ed orizzontale;Sereno;Normale;Sufficiente;;0;0;0;3;12.5252;41.9609;-1;2;Autovettura privata;In marcia / fermata / arresto;Passeggero;F;Illeso;0;;;
5031361;5;22/08/2020 02:17:00;Strada Urbana;VIALE DELLA SERENISSIMA;da specificare;;;;altezza ingresso A24;Scontro laterale fra veicoli in marcia;Rettilineo;Due carreggiate;Asciutto;Asfaltata;Verticale ed orizzontale;Sereno;Scarso;Sufficiente;;0;0;0;1;12.5578;41.9027;-1;1;Motociclo a solo;In marcia / fermata / arresto;Conducente;M;Illeso;0;;;
5031361;5;22/08/2020 02:17:00;Strada Urbana;VIALE DELLA SERENISSIMA;da specificare;;;;altezza ingresso A24;Scontro laterale fra veicoli in marcia;Rettilineo;Due carreggiate;Asciutto;Asfaltata;Verticale ed orizzontale;Sereno;Scarso;Sufficiente;;0;0;0;1;12.5578;41.9027;-1;2;Autovettura privata;Allontanatosi;;;;;;;
5031364;19;22/08/2020 16:30:00;Comunale extraurbana;VIA BRACCIANENSE;in prossimit�;;del civico n.;256;;Fuoriuscita dalla sede stradale;Rettilineo;Una carreggiata a doppio senso;Asciutto;Asfaltata;Orizzontale;Sereno;Normale;Buona;;0;0;0;1;12.3542;42.0182;-1;1;Autovettura privata;In marcia / fermata / arresto;Conducente;M;Illeso;0;;;
5031367;19;22/08/2020 13:10:00;Strada Urbana;VIA PIETRO MAFFI;in prossimit�;;del civico n.;54;;Investimento di pedone;Rettilineo;Una carreggiata a doppio senso;Asciutto;Asfaltata;Orizzontale;Sereno;Scarso;Buona;;1;0;0;1;12.4177;41.923;-1;;;;Pedone;M;Rimandato;0;NON DECEDUTO;;
5031367;19;22/08/2020 13:10:00;Strada Urbana;VIA PIETRO MAFFI;in prossimit�;;del civico n.;54;;Investimento di pedone;Rettilineo;Una carreggiata a doppio senso;Asciutto;Asfaltata;Orizzontale;Sereno;Scarso;Buona;;1;0;0;1;12.4177;41.923;-1;1;Autovettura privata;In marcia / fermata / arresto;Conducente;M;Illeso;0;;Non accertato;Inesploso
5031369;5;22/08/2020 05:30:00;Strada Urbana;VIA TIBURTINA;da specificare;;;;alt. cavalcavia Monti Tiburtini dir. G.R.A.;Veicolo in marcia contro ostacolo fisso;Rettilineo;Due carreggiate;Asciutto;Asfaltata;Verticale ed orizzontale;Sereno;Scarso;Buona;;0;0;0;0;12.5541;41.9122;-1;1;Autovettura privata;In marcia / fermata / arresto;;;;;;;
5031372;5;23/08/2020 09:30:00;Strada Urbana;VIA DI S. ALESSANDRO;all'intersezione con;VIALE DELLA TORRE DI PRATOLUNGO;VIALE DELLA TORRE DI PRATOLUNGO;;;Scontro laterale fra veicoli in marcia;Intersezione stradale segnalata;Una carreggiata a doppio senso;Asciutto;Asfaltata;Verticale ed orizzontale;Sereno;Scarso;Buona;;0;0;0;5;12.6039;41.9457;-1;1;Autovettura privata;In marcia / fermata / arresto;Conducente;F;Illeso;0;;;
5031372;5;23/08/2020 09:30:00;Strada Urbana;VIA DI S. ALESSANDRO;all'intersezione con;VIALE DELLA TORRE DI PRATOLUNGO;VIALE DELLA TORRE DI PRATOLUNGO;;;Scontro laterale fra veicoli in marcia;Intersezione stradale segnalata;Una carreggiata a doppio senso;Asciutto;Asfaltata;Verticale ed orizzontale;Sereno;Scarso;Buona;;0;0;0;5;12.6039;41.9457;-1;1;Autovettura privata;In marcia / fermata / arresto;Passeggero;M;Illeso;0;;;
5031372;5;23/08/2020 09:30:00;Strada Urbana;VIA DI S. ALESSANDRO;all'intersezione con;VIALE DELLA TORRE DI PRATOLUNGO;VIALE DELLA TORRE DI PRATOLUNGO;;;Scontro laterale fra veicoli in marcia;Intersezione stradale segnalata;Una carreggiata a doppio senso;Asciutto;Asfaltata;Verticale ed orizzontale;Sereno;Scarso;Buona;;0;0;0;5;12.6039;41.9457;-1;1;Autovettura privata;In marcia / fermata / arresto;Passeggero;M;Illeso;0;;;
5031372;5;23/08/2020 09:30:00;Strada Urbana;VIA DI S. ALESSANDRO;all'intersezione con;VIALE DELLA TORRE DI PRATOLUNGO;VIALE DELLA TORRE DI PRATOLUNGO;;;Scontro laterale fra veicoli in marcia;Intersezione stradale segnalata;Una carreggiata a doppio senso;Asciutto;Asfaltata;Verticale ed orizzontale;Sereno;Scarso;Buona;;0;0;0;5;12.6039;41.9457;-1;2;Motociclo con passeggero;In marcia / fermata / arresto;Conducente;M;Illeso;0;;;
5031372;5;23/08/2020 09:30:00;Strada Urbana;VIA DI S. ALESSANDRO;all'intersezione con;VIALE DELLA TORRE DI PRATOLUNGO;VIALE DELLA TORRE DI PRATOLUNGO;;;Scontro laterale fra veicoli in marcia;Intersezione stradale segnalata;Una carreggiata a doppio senso;Asciutto;Asfaltata;Verticale ed orizzontale;Sereno;Scarso;Buona;;0;0;0;5;12.6039;41.9457;-1;2;Motociclo con passeggero;In marcia / fermata / arresto;Passeggero;M;Illeso;0;;Utilizzato;
5031376;19;23/08/2020 02:00:00;Strada Urbana;VIA LIVIO PENTIMALLI;in prossimit�;;del civico n.;f.c. 11;;Veicolo in marcia contro veicoli in sosta;Rettilineo;Una carreggiata a doppio senso;Asciutto;Asfaltata;Assente;Sereno;Intenso;Buona;;0;0;0;0;12.49;41.852;-1;1;Autovettura privata;Sosta;;;;;;;
5031376;19;23/08/2020 02:00:00;Strada Urbana;VIA LIVIO PENTIMALLI;in prossimit�;;del civico n.;f.c. 11;;Veicolo in marcia contro veicoli in sosta;Rettilineo;Una carreggiata a doppio senso;Asciutto;Asfaltata;Assente;Sereno;Intenso;Buona;;0;0;0;0;12.49;41.852;-1;2;Autovettura privata;Sosta;;;;;;;
5031380;5;23/08/2020 17:05:00;Strada Urbana;VIALE EGIDIO GALBANI;da specificare;;;;ALTEZZA VIA A. BENIGNI;Scontro laterale fra veicoli in marcia;Rettilineo;Due carreggiate;Asciutto;Asfaltata;Verticale ed orizzontale;Sereno;Normale;Buona;;2;0;0;4;12.5612;41.931;-1;1;Motociclo con passeggero;In marcia / fermata / arresto;Conducente;M;Rimandato;0;NON DECEDUTO;Non accertato;
5031380;5;23/08/2020 17:05:00;Strada Urbana;VIALE EGIDIO GALBANI;da specificare;;;;ALTEZZA VIA A. BENIGNI;Scontro laterale fra veicoli in marcia;Rettilineo;Due carreggiate;Asciutto;Asfaltata;Verticale ed orizzontale;Sereno;Normale;Buona;;2;0;0;4;12.5612;41.931;-1;1;Motociclo con passeggero;In marcia / fermata / arresto;Passeggero;F;Rimandato;0;NON DECEDUTO;Non accertato;
5031380;5;23/08/2020 17:05:00;Strada Urbana;VIALE EGIDIO GALBANI;da specificare;;;;ALTEZZA VIA A. BENIGNI;Scontro laterale fra veicoli in marcia;Rettilineo;Due carreggiate;Asciutto;Asfaltata;Verticale ed orizzontale;Sereno;Normale;Buona;;2;0;0;4;12.5612;41.931;-1;2;Autovettura privata;In marcia / fermata / arresto;Conducente;F;Illeso;0;;Non accertato;Inesploso
5031380;5;23/08/2020 17:05:00;Strada Urbana;VIALE EGIDIO GALBANI;da specificare;;;;ALTEZZA VIA A. BENIGNI;Scontro laterale fra veicoli in marcia;Rettilineo;Due carreggiate;Asciutto;Asfaltata;Verticale ed orizzontale;Sereno;Normale;Buona;;2;0;0;4;12.5612;41.931;-1;2;Autovettura privata;In marcia / fermata / arresto;Passeggero;M;Illeso;0;;Non accertato;Inesistente
5031380;5;23/08/2020 17:05:00;Strada Urbana;VIALE EGIDIO GALBANI;da specificare;;;;ALTEZZA VIA A. BENIGNI;Scontro laterale fra veicoli in marcia;Rettilineo;Due carreggiate;Asciutto;Asfaltata;Verticale ed orizzontale;Sereno;Normale;Buona;;2;0;0;4;12.5612;41.931;-1;2;Autovettura privata;In marcia / fermata / arresto;Passeggero;M;Illeso;0;;Non accertato;Inesistente
5031380;5;23/08/2020 17:05:00;Strada Urbana;VIALE EGIDIO GALBANI;da specificare;;;;ALTEZZA VIA A. BENIGNI;Scontro laterale fra veicoli in marcia;Rettilineo;Due carreggiate;Asciutto;Asfaltata;Verticale ed orizzontale;Sereno;Normale;Buona;;2;0;0;4;12.5612;41.931;-1;2;Autovettura privata;In marcia / fermata / arresto;Passeggero;F;Illeso;0;;Non accertato;Inesistente
5031387;20;23/08/2020 01:00:00;Regionale entro l'abitato;VIA CASSIA;da specificare;;;;in prossimit� di Via Vibio Mariano;Scontro laterale fra veicoli in marcia;Rettilineo;Una carreggiata a doppio senso;Asciutto;Asfaltata;Verticale ed orizzontale;Sereno;Scarso;Sufficiente;;0;0;0;3;12.4137;41.9828;-1;1;Autovettura privata;In marcia / fermata / arresto;Conducente;M;Illeso;0;;Non accertato;
5031387;20;23/08/2020 01:00:00;Regionale entro l'abitato;VIA CASSIA;da specificare;;;;in prossimit� di Via Vibio Mariano;Scontro laterale fra veicoli in marcia;Rettilineo;Una carreggiata a doppio senso;Asciutto;Asfaltata;Verticale ed orizzontale;Sereno;Scarso;Sufficiente;;0;0;0;3;12.4137;41.9828;-1;1;Autovettura privata;In marcia / fermata / arresto;Passeggero;F;Illeso;0;;Non accertato;
5031387;20;23/08/2020 01:00:00;Regionale entro l'abitato;VIA CASSIA;da specificare;;;;in prossimit� di Via Vibio Mariano;Scontro laterale fra veicoli in marcia;Rettilineo;Una carreggiata a doppio senso;Asciutto;Asfaltata;Verticale ed orizzontale;Sereno;Scarso;Sufficiente;;0;0;0;3;12.4137;41.9828;-1;2;Motociclo a solo;In marcia / fermata / arresto;Conducente;M;Illeso;0;;Non accertato;
5031389;5;24/08/2020 01:30:00;Strada Urbana;VIA GIUSEPPE DONATI;in corrispondenza;;del civico n.;54;;Veicolo in marcia contro veicolo in sosta;Rettilineo;Una carreggiata a doppio senso;Asciutto;Asfaltata;Verticale ed orizzontale;Sereno;Scarso;Sufficiente;;0;0;0;1;12.5488;41.9071;-1;1;Autovettura privata;Sosta;;;;;;;
5031389;5;24/08/2020 01:30:00;Strada Urbana;VIA GIUSEPPE DONATI;in corrispondenza;;del civico n.;54;;Veicolo in marcia contro veicolo in sosta;Rettilineo;Una carreggiata a doppio senso;Asciutto;Asfaltata;Verticale ed orizzontale;Sereno;Scarso;Sufficiente;;0;0;0;1;12.5488;41.9071;-1;2;Autovettura privata;In marcia / fermata / arresto;Conducente;M;Illeso;0;;;
5031392;19;23/08/2020 11:45:00;Strada Urbana;VIA DELLA PINETA SACCHETTI;in prossimit�;;del civico n.;398;;Investimento di pedone;Cavalcavia;Pi� di due carreggiate;Asciutto;Asfaltata;Assente;Sereno;Scarso;Buona;;1;0;0;1;12.4256;41.9239;-1;;;;Pedone;F;Rimandato;0;NON DECEDUTO;;
5031392;19;23/08/2020 11:45:00;Strada Urbana;VIA DELLA PINETA SACCHETTI;in prossimit�;;del civico n.;398;;Investimento di pedone;Cavalcavia;Pi� di due carreggiate;Asciutto;Asfaltata;Assente;Sereno;Scarso;Buona;;1;0;0;1;12.4256;41.9239;-1;1;Autovettura privata;In marcia / fermata / arresto;Conducente;M;Illeso;0;;Non accertato;Inesploso
5031395;1;24/08/2020 05:17:00;Strada Urbana;VIA FERDINANDO DI SAVOIA;da specificare;;;;ALTEZZA VARCO ZTL;Veicolo in marcia contro ostacolo fisso;Rettilineo;Una carreggiata a doppio senso;Asciutto;In cubetti di porfido;Verticale ed orizzontale;Sereno;Scarso;Sufficiente;;0;0;0;1;12.4746;41.9103;-1;1;Autovettura privata;In marcia / fermata / arresto;Conducente;M;Illeso;0;;Non accertato;Inesploso
5031399;5;24/08/2020 04:20:00;Strada Urbana;VIA FURIO CICOGNA;all'intersezione con;VIA TIBURTINA;VIA TIBURTINA;;;Veicolo in marcia contro ostacolo accidentale;Incrocio;Una carreggiata a senso unico di marcia;Asciutto;Asfaltata;Verticale ed orizzontale;Sereno;Scarso;Buona;;0;0;0;3;12.5677;41.9241;-1;1;Autovettura privata;In marcia / fermata / arresto;Conducente;M;Illeso;0;;Non accertato;Inesploso
5031399;5;24/08/2020 04:20:00;Strada Urbana;VIA FURIO CICOGNA;all'intersezione con;VIA TIBURTINA;VIA TIBURTINA;;;Veicolo in marcia contro ostacolo accidentale;Incrocio;Una carreggiata a senso unico di marcia;Asciutto;Asfaltata;Verticale ed orizzontale;Sereno;Scarso;Buona;;0;0;0;3;12.5677;41.9241;-1;1;Autovettura privata;In marcia / fermata / arresto;Passeggero;M;Illeso;0;;Non accertato;Inesploso
5031399;5;24/08/2020 04:20:00;Strada Urbana;VIA FURIO CICOGNA;all'intersezione con;VIA TIBURTINA;VIA TIBURTINA;;;Veicolo in marcia contro ostacolo accidentale;Incrocio;Una carreggiata a senso unico di marcia;Asciutto;Asfaltata;Verticale ed orizzontale;Sereno;Scarso;Buona;;0;0;0;3;12.5677;41.9241;-1;1;Autovettura privata;In marcia / fermata / arresto;Passeggero;F;Illeso;0;;Non accertato;Inesploso
5031405;1;23/08/2020 16:00:00;Strada Urbana;VIALE MARCO POLO;in prossimit�;;del civico n.;120/A;;Scontro laterale fra veicoli in marcia;Rettilineo;Due carreggiate;Asciutto;Asfaltata;Verticale ed orizzontale;Sereno;Scarso;Buona;;0;0;0;6;12.4941;41.8715;-1;1;Autovettura pubblica;In marcia / fermata / arresto;Conducente;M;Illeso;0;;Non accertato;Inesploso
5031405;1;23/08/2020 16:00:00;Strada Urbana;VIALE MARCO POLO;in prossimit�;;del civico n.;120/A;;Scontro laterale fra veicoli in marcia;Rettilineo;Due carreggiate;Asciutto;Asfaltata;Verticale ed orizzontale;Sereno;Scarso;Buona;;0;0;0;6;12.4941;41.8715;-1;2;Autovettura privata;In marcia / fermata / arresto;Conducente;F;Illeso;0;;Non accertato;Inesploso
5031405;1;23/08/2020 16:00:00;Strada Urbana;VIALE MARCO POLO;in prossimit�;;del civico n.;120/A;;Scontro laterale fra veicoli in marcia;Rettilineo;Due carreggiate;Asciutto;Asfaltata;Verticale ed orizzontale;Sereno;Scarso;Buona;;0;0;0;6;12.4941;41.8715;-1;2;Autovettura privata;In marcia / fermata / arresto;Passeggero;M;Illeso;0;;Non accertato;Inesploso
5031405;1;23/08/2020 16:00:00;Strada Urbana;VIALE MARCO POLO;in prossimit�;;del civico n.;120/A;;Scontro laterale fra veicoli in marcia;Rettilineo;Due carreggiate;Asciutto;Asfaltata;Verticale ed orizzontale;Sereno;Scarso;Buona;;0;0;0;6;12.4941;41.8715;-1;2;Autovettura privata;In marcia / fermata / arresto;Passeggero;M;Illeso;0;;Non accertato;Inesploso
5031405;1;23/08/2020 16:00:00;Strada Urbana;VIALE MARCO POLO;in prossimit�;;del civico n.;120/A;;Scontro laterale fra veicoli in marcia;Rettilineo;Due carreggiate;Asciutto;Asfaltata;Verticale ed orizzontale;Sereno;Scarso;Buona;;0;0;0;6;12.4941;41.8715;-1;2;Autovettura privata;In marcia / fermata / arresto;Passeggero;M;Illeso;0;;Non accertato;Inesploso
5031405;1;23/08/2020 16:00:00;Strada Urbana;VIALE MARCO POLO;in prossimit�;;del civico n.;120/A;;Scontro laterale fra veicoli in marcia;Rettilineo;Due carreggiate;Asciutto;Asfaltata;Verticale ed orizzontale;Sereno;Scarso;Buona;;0;0;0;6;12.4941;41.8715;-1;2;Autovettura privata;In marcia / fermata / arresto;Passeggero;M;Illeso;0;;Non accertato;Inesploso
5031415;20;22/08/2020 07:30:00;Strada Urbana;VIA BRACCIANENSE;all'intersezione con;VIA DI S. MARIA DI GALERIA;VIA DI S. MARIA DI GALERIA;;;Scontro frontale/laterale SX fra veicoli in marcia;Intersezione stradale segnalata;Una carreggiata a doppio senso;Asciutto;Asfaltata;Verticale ed orizzontale;Sereno;Scarso;Buona;;2;0;0;2;12.3653;42.0132;-1;1;Autovettura privata;In marcia / fermata / arresto;Conducente;M;Rifiuta cure immediate;0;NON DECEDUTO;;
5031415;20;22/08/2020 07:30:00;Strada Urbana;VIA BRACCIANENSE;all'intersezione con;VIA DI S. MARIA DI GALERIA;VIA DI S. MARIA DI GALERIA;;;Scontro frontale/laterale SX fra veicoli in marcia;Intersezione stradale segnalata;Una carreggiata a doppio senso;Asciutto;Asfaltata;Verticale ed orizzontale;Sereno;Scarso;Buona;;2;0;0;2;12.3653;42.0132;-1;1;Autovettura privata;In marcia / fermata / arresto;Passeggero;F;Rimandato;0;NON DECEDUTO;;
5031415;20;22/08/2020 07:30:00;Strada Urbana;VIA BRACCIANENSE;all'intersezione con;VIA DI S. MARIA DI GALERIA;VIA DI S. MARIA DI GALERIA;;;Scontro frontale/laterale SX fra veicoli in marcia;Intersezione stradale segnalata;Una carreggiata a doppio senso;Asciutto;Asfaltata;Verticale ed orizzontale;Sereno;Scarso;Buona;;2;0;0;2;12.3653;42.0132;-1;2;Autovettura privata;In marcia / fermata / arresto;Conducente;M;Illeso;0;;;
5031415;20;22/08/2020 07:30:00;Strada Urbana;VIA BRACCIANENSE;all'intersezione con;VIA DI S. MARIA DI GALERIA;VIA DI S. MARIA DI GALERIA;;;Scontro frontale/laterale SX fra veicoli in marcia;Intersezione stradale segnalata;Una carreggiata a doppio senso;Asciutto;Asfaltata;Verticale ed orizzontale;Sereno;Scarso;Buona;;2;0;0;2;12.3653;42.0132;-1;2;Autovettura privata;In marcia / fermata / arresto;Passeggero;M;Illeso;0;;Non accertato;
5031420;20;23/08/2020 13:00:00;Strada Urbana;VIA DI VALLE MURICANA;in prossimit�;;del civico n.;105;;Scontro frontale fra veicoli in marcia;Rettilineo;Una carreggiata a doppio senso;Asciutto;Asfaltata;Verticale;Sereno;Scarso;Buona;;0;0;0;2;12.4812;42.0069;-1;1;Autovettura privata;In marcia / fermata / arresto;Conducente;M;Illeso;0;;;
5031420;20;23/08/2020 13:00:00;Strada Urbana;VIA DI VALLE MURICANA;in prossimit�;;del civico n.;105;;Scontro frontale fra veicoli in marcia;Rettilineo;Una carreggiata a doppio senso;Asciutto;Asfaltata;Verticale;Sereno;Scarso;Buona;;0;0;0;2;12.4812;42.0069;-1;2;Autovettura privata;In marcia / fermata / arresto;Conducente;M;Illeso;0;;;
5031463;1;22/08/2020 13:20:00;Strada Urbana;VIA QUINTINO SELLA;all'intersezione con;VIA FLAVIA;VIA FLAVIA;;;Scontro frontale/laterale SX fra veicoli in marcia;Incrocio;Una carreggiata a senso unico di marcia;Asciutto;Asfaltata;Verticale ed orizzontale;Sereno;Scarso;Buona;;0;0;0;5;12.4961;41.9074;-1;1;Autovettura privata;In marcia / fermata / arresto;Conducente;M;Illeso;0;;;
5031463;1;22/08/2020 13:20:00;Strada Urbana;VIA QUINTINO SELLA;all'intersezione con;VIA FLAVIA;VIA FLAVIA;;;Scontro frontale/laterale SX fra veicoli in marcia;Incrocio;Una carreggiata a senso unico di marcia;Asciutto;Asfaltata;Verticale ed orizzontale;Sereno;Scarso;Buona;;0;0;0;5;12.4961;41.9074;-1;1;Autovettura privata;In marcia / fermata / arresto;Passeggero;F;Illeso;0;;;
5031463;1;22/08/2020 13:20:00;Strada Urbana;VIA QUINTINO SELLA;all'intersezione con;VIA FLAVIA;VIA FLAVIA;;;Scontro frontale/laterale SX fra veicoli in marcia;Incrocio;Una carreggiata a senso unico di marcia;Asciutto;Asfaltata;Verticale ed orizzontale;Sereno;Scarso;Buona;;0;0;0;5;12.4961;41.9074;-1;1;Autovettura privata;In marcia / fermata / arresto;Passeggero;F;Illeso;0;;;
5031463;1;22/08/2020 13:20:00;Strada Urbana;VIA QUINTINO SELLA;all'intersezione con;VIA FLAVIA;VIA FLAVIA;;;Scontro frontale/laterale SX fra veicoli in marcia;Incrocio;Una carreggiata a senso unico di marcia;Asciutto;Asfaltata;Verticale ed orizzontale;Sereno;Scarso;Buona;;0;0;0;5;12.4961;41.9074;-1;1;Autovettura privata;In marcia / fermata / arresto;Passeggero;M;Illeso;0;;;