Protocollo;Gruppo;DataOraIncidente;Localizzazione1;STRADA1;Localizzazione2;STRADA2;Strada02;Chilometrica;DaSpecificare;NaturaIncidente;particolaritastrade;TipoStrada;FondoStradale;Pavimentazione;Segnaletica;CondizioneAtmosferica;Traffico;Visibilita;Illuminazione;NUM_FERITI;NUM_RISERVATA;NUM_MORTI;NUM_ILLESI;Longitudine;Latitudine;Confermato;Progressivo;TipoVeicolo;StatoVeicolo;TipoPersona;Sesso;Tipolesione;Deceduto;DecedutoDopo;CinturaCascoUtilizzato;Airbag;
5033292;19;25/08/2020 12:30:00;Strada Urbana;VIALE MONFORTANI;all'intersezione semaforizzata con;VIA DELL'ACQUEDOTTO DEL PESCHIERA;VIA DELL'ACQUEDOTTO DEL PESCHIERA;;;Tamponamento;Intersezione semaforizzata;Una carreggiata a senso unico di marcia;Asciutto;Asfaltata;Verticale ed orizzontale;Sereno;Normale;Buona;;1;0;0;1;12.4249;41.9374;-1;1;Autovettura privata;In marcia / fermata / arresto;Conducente;M;Illeso;0;;Non accertato;Inesploso
5033292;19;25/08/2020 12:30:00;Strada Urbana;VIALE MONFORTANI;all'intersezione semaforizzata con;VIA DELL'ACQUEDOTTO DEL PESCHIERA;VIA DELL'ACQUEDOTTO DEL PESCHIERA;;;Tamponamento;Intersezione semaforizzata;Una carreggiata a senso unico di marcia;Asciutto;Asfaltata;Verticale ed orizzontale;Sereno;Normale;Buona;;1;0;0;1;12.4249;41.9374;-1;2;Motociclo a solo;In marcia / fermata / arresto;Conducente;F;Rimandato;0;NON DECEDUTO;Non accertato;
5033307;19;25/08/2020 13:30:00;Strada Urbana;VIA DELLA PINETA SACCHETTI;all'intersezione con;VIA DI VILLA MAGGIORANI;VIA DI VILLA MAGGIORANI;;;Scontro frontale/laterale SX fra veicoli in marcia;Incrocio;Una carreggiata a senso unico di marcia;Asciutto;Asfaltata;Verticale ed orizzontale;Sereno;Scarso;Buona;;0;0;0;2;12.4266;41.9318;-1;1;Autovettura privata;In marcia / fermata / arresto;Conducente;F;Illeso;0;;Non accertato;Inesploso
5033307;19;25/08/2020 13:30:00;Strada Urbana;VIA DELLA PINETA SACCHETTI;all'intersezione con;VIA DI VILLA MAGGIORANI;VIA DI VILLA MAGGIORANI;;;Scontro frontale/laterale SX fra veicoli in marcia;Incrocio;Una carreggiata a senso unico di marcia;Asciutto;Asfaltata;Verticale ed orizzontale;Sereno;Scarso;Buona;;0;0;0;2;12.4266;41.9318;-1;2;Autovettura privata;In marcia / fermata / arresto;Conducente;M;Illeso;0;;Non accertato;Inesploso
5033315;10;25/08/2020 16:15:00;Statale;VIA APPIA NUOVA;in corrispondenza;;del civico n.;1413;;Tamponamento Multiplo;Rettilineo;Due carreggiate;Asciutto;Asfaltata;Verticale ed orizzontale;Sereno;Intenso;Buona;;1;0;0;4;12.5782;41.8064;-1;1;Autovettura privata;In marcia / fermata / arresto;Conducente;M;Rimandato;0;NON DECEDUTO;Non accertato;Esploso
5033315;10;25/08/2020 16:15:00;Statale;VIA APPIA NUOVA;in corrispondenza;;del civico n.;1413;;Tamponamento Multiplo;Rettilineo;Due carreggiate;Asciutto;Asfaltata;Verticale ed orizzontale;Sereno;Intenso;Buona;;1;0;0;4;12.5782;41.8064;-1;2;Autovettura privata;In marcia / fermata / arresto;Conducente;M;Illeso;0;;Non accertato;Inesploso
5033315;10;25/08/2020 16:15:00;Statale;VIA APPIA NUOVA;in corrispondenza;;del civico n.;1413;;Tamponamento Multiplo;Rettilineo;Due carreggiate;Asciutto;Asfaltata;Verticale ed orizzontale;Sereno;Intenso;Buona;;1;0;0;4;12.5782;41.8064;-1;3;Autovettura privata;In marcia / fermata / arresto;Conducente;M;Illeso;0;;Non accertato;Inesploso
5033315;10;25/08/2020 16:15:00;Statale;VIA APPIA NUOVA;in corrispondenza;;del civico n.;1413;;Tamponamento Multiplo;Rettilineo;Due carreggiate;Asciutto;Asfaltata;Verticale ed orizzontale;Sereno;Intenso;Buona;;1;0;0;4;12.5782;41.8064;-1;3;Autovettura privata;In marcia / fermata / arresto;Passeggero;F;Illeso;0;;Non accertato;Inesploso
5033315;10;25/08/2020 16:15:00;Statale;VIA APPIA NUOVA;in corrispondenza;;del civico n.;1413;;Tamponamento Multiplo;Rettilineo;Due carreggiate;Asciutto;Asfaltata;Verticale ed orizzontale;Sereno;Intenso;Buona;;1;0;0;4;12.5782;41.8064;-1;3;Autovettura privata;In marcia / fermata / arresto;Passeggero;F;Illeso;0;;Non accertato;Inesploso
5033318;10;25/08/2020 10:50:00;Strada Urbana;VIA DEL CALICE;in corrispondenza;;del civico n.;54;;Investimento di pedone;Rettilineo;Una carreggiata a doppio senso;Asciutto;Asfaltata;Verticale ed orizzontale;Sereno;Normale;Buona;;1;0;0;1;12.564;41.832;-1;;;;Pedone;F;Ricoverato;0;NON DECEDUTO;;
5033318;10;25/08/2020 10:50:00;Strada Urbana;VIA DEL CALICE;in corrispondenza;;del civico n.;54;;Investimento di pedone;Rettilineo;Una carreggiata a doppio senso;Asciutto;Asfaltata;Verticale ed orizzontale;Sereno;Normale;Buona;;1;0;0;1;12.564;41.832;-1;1;Autovettura privata;In marcia / fermata / arresto;Conducente;F;Illeso;0;;Non accertato;Inesploso
5033334;5;25/08/2020 18:20:00;Strada Urbana;VIA GABRIELE GALANTARA;all'intersezione con;VIA VINCENZO MORELLO;VIA VINCENZO MORELLO;;;Investimento di pedone;Intersezione semaforizzata;Una carreggiata a senso unico di marcia;Asciutto;Asfaltata;Verticale ed orizzontale;Sereno;Normale;Buona;;1;0;0;1;12.5398;41.9101;-1;;;;Pedone;F;Rimandato;0;NON DECEDUTO;;
5033334;5;25/08/2020 18:20:00;Strada Urbana;VIA GABRIELE GALANTARA;all'intersezione con;VIA VINCENZO MORELLO;VIA VINCENZO MORELLO;;;Investimento di pedone;Intersezione semaforizzata;Una carreggiata a senso unico di marcia;Asciutto;Asfaltata;Verticale ed orizzontale;Sereno;Normale;Buona;;1;0;0;1;12.5398;41.9101;-1;1;Autovettura privata;In marcia / fermata / arresto;Conducente;F;Illeso;0;;Non accertato;Inesploso
5033335;10;25/08/2020 14:25:00;Strada Urbana;VIALE MARCO FULVIO NOBILIORE;all'intersezione con;VIA GIUSEPPE SALVIOLI;VIA GIUSEPPE SALVIOLI;;;Scontro frontale/laterale SX fra veicoli in marcia;Intersezione stradale segnalata;Due carreggiate;Asciutto;Asfaltata;Verticale ed orizzontale;Sereno;Normale;Buona;;1;0;0;2;12.5662;41.8607;-1;1;Autovettura privata;In marcia / fermata / arresto;Conducente;F;Illeso;0;;Non accertato;Inesploso
5033335;10;25/08/2020 14:25:00;Strada Urbana;VIALE MARCO FULVIO NOBILIORE;all'intersezione con;VIA GIUSEPPE SALVIOLI;VIA GIUSEPPE SALVIOLI;;;Scontro frontale/laterale SX fra veicoli in marcia;Intersezione stradale segnalata;Due carreggiate;Asciutto;Asfaltata;Verticale ed orizzontale;Sereno;Normale;Buona;;1;0;0;2;12.5662;41.8607;-1;1;Autovettura privata;In marcia / fermata / arresto;Passeggero;F;Illeso;0;;Non accertato;Inesploso
5033335;10;25/08/2020 14:25:00;Strada Urbana;VIALE MARCO FULVIO NOBILIORE;all'intersezione con;VIA GIUSEPPE SALVIOLI;VIA GIUSEPPE SALVIOLI;;;Scontro frontale/laterale SX fra veicoli in marcia;Intersezione stradale segnalata;Due carreggiate;Asciutto;Asfaltata;Verticale ed orizzontale;Sereno;Normale;Buona;;1;0;0;2;12.5662;41.8607;-1;2;Autovettura privata;In marcia / fermata / arresto;Conducente;F;Rimandato;0;NON DECEDUTO;Non accertato;Inesploso
5033342;7;25/08/2020 18:00:00;Strada Urbana;VIA DELL'ALLORO;in corrispondenza;;del civico n.;78;;Veicolo in marcia contro veicolo in sosta;Rettilineo;Una carreggiata a senso unico di marcia;Asciutto;Asfaltata;Assente;Sereno;Scarso;Buona;;1;0;0;0;12.5705;41.8743;-1;1;Autovettura privata;In marcia / fermata / arresto;Conducente;M;Rimandato;0;NON DECEDUTO;Non accertato;Inesploso
5033342;7;25/08/2020 18:00:00;Strada Urbana;VIA DELL'ALLORO;in corrispondenza;;del civico n.;78;;Veicolo in marcia contro veicolo in sosta;Rettilineo;Una carreggiata a senso unico di marcia;Asciutto;Asfaltata;Assente;Sereno;Scarso;Buona;;1;0;0;0;12.5705;41.8743;-1;2;Autovettura privata;Sosta;;;;;;;
5033344;5;26/08/2020 03:15:00;Strada Urbana;VIA RINALDO D'AQUINO;da specificare;;;;rotatoria altezza via Palombarese direzione Noment;Investimento di pedone;Rotatoria;Una carreggiata a senso unico di marcia;Asciutto;Asfaltata;Orizzontale;Sereno;Scarso;Sufficiente;;1;0;0;1;12.6131;41.9701;-1;;;;Pedone;M;Rimandato;0;NON DECEDUTO;;
5033344;5;26/08/2020 03:15:00;Strada Urbana;VIA RINALDO D'AQUINO;da specificare;;;;rotatoria altezza via Palombarese direzione Noment;Investimento di pedone;Rotatoria;Una carreggiata a senso unico di marcia;Asciutto;Asfaltata;Orizzontale;Sereno;Scarso;Sufficiente;;1;0;0;1;12.6131;41.9701;-1;1;Autovettura privata;In marcia / fermata / arresto;Conducente;M;Illeso;0;;Non accertato;Inesploso
5033388;10;25/08/2020 17:35:00;Strada Urbana;VIALE PALMIRO TOGLIATTI;in corrispondenza;;del civico n.;177;;Scontro laterale fra veicoli in marcia;Rettilineo;Due carreggiate;Asciutto;Asfaltata;Verticale ed orizzontale;Sereno;Normale;Buona;;0;0;0;2;12.5695;41.8608;-1;1;Autovettura privata;In marcia / fermata / arresto;Conducente;M;Illeso;0;;Non accertato;Inesploso
5033388;10;25/08/2020 17:35:00;Strada Urbana;VIALE PALMIRO TOGLIATTI;in corrispondenza;;del civico n.;177;;Scontro laterale fra veicoli in marcia;Rettilineo;Due carreggiate;Asciutto;Asfaltata;Verticale ed orizzontale;Sereno;Normale;Buona;;0;0;0;2;12.5695;41.8608;-1;2;Autovettura privata;In marcia / fermata / arresto;Conducente;M;Illeso;0;;Non accertato;Inesploso
5033420;13;07/08/2020 23:00:00;;VIALE FRA' ANDREA DI GIOVANNI;da specificare;;;;altezza palo acea n. 7;Veicolo in marcia contro ostacolo accidentale;;;;;;;;;;0;0;0;1;;;0;1;Autovettura privata;In marcia / fermata / arresto;Conducente;M;Illeso;0;;;
5033430;4;25/08/2020 09:20:00;Strada Urbana;VIA CARLO LUDOVICO BRAGAGLIA;all'intersezione con;VIA FRANCO FABRIZI;VIA FRANCO FABRIZI;;;Veicolo in marcia contro veicoli in sosta;Intersezione non regolata/non segnalata;Una carreggiata a doppio senso;Asciutto;Asfaltata;Orizzontale;Sereno;Normale;Buona;;0;0;0;5;12.5362;41.9674;-1;1;Autovettura privata;In marcia / fermata / arresto;Conducente;M;Illeso;0;;Non accertato;Inesploso
5033430;4;25/08/2020 09:20:00;Strada Urbana;VIA CARLO LUDOVICO BRAGAGLIA;all'intersezione con;VIA FRANCO FABRIZI;VIA FRANCO FABRIZI;;;Veicolo in marcia contro veicoli in sosta;Intersezione non regolata/non segnalata;Una carreggiata a doppio senso;Asciutto;Asfaltata;Orizzontale;Sereno;Normale;Buona;;0;0;0;5;12.5362;41.9674;-1;2;Autovettura privata;In marcia / fermata / arresto;Conducente;M;Illeso;0;;Non accertato;Inesploso
5033430;4;25/08/2020 09:20:00;Strada Urbana;VIA CARLO LUDOVICO BRAGAGLIA;all'intersezione con;VIA FRANCO FABRIZI;VIA FRANCO FABRIZI;;;Veicolo in marcia contro veicoli in sosta;Intersezione non regolata/non segnalata;Una carreggiata a doppio senso;Asciutto;Asfaltata;Orizzontale;Sereno;Normale;Buona;;0;0;0;5;12.5362;41.9674;-1;2;Autovettura privata;In marcia / fermata / arresto;Passeggero;F;Illeso;0;;Non accertato;Inesploso
5033430;4;25/08/2020 09:20:00;Strada Urbana;VIA CARLO LUDOVICO BRAGAGLIA;all'intersezione con;VIA FRANCO FABRIZI;VIA FRANCO FABRIZI;;;Veicolo in marcia contro veicoli in sosta;Intersezione non regolata/non segnalata;Una carreggiata a doppio senso;Asciutto;Asfaltata;Orizzontale;Sereno;Normale;Buona;;0;0;0;5;12.5362;41.9674;-1;2;Autovettura privata;In marcia / fermata / arresto;Passeggero;M;Illeso;0;;Non accertato;Inesploso
5033430;4;25/08/2020 09:20:00;Strada Urbana;VIA CARLO LUDOVICO BRAGAGLIA;all'intersezione con;VIA FRANCO FABRIZI;VIA FRANCO FABRIZI;;;Veicolo in marcia contro veicoli in sosta;Intersezione non regolata/non segnalata;Una carreggiata a doppio senso;Asciutto;Asfaltata;Orizzontale;Sereno;Normale;Buona;;0;0;0;5;12.5362;41.9674;-1;2;Autovettura privata;In marcia / fermata / arresto;Passeggero;M;Illeso;0;;Non accertato;Inesploso
5033430;4;25/08/2020 09:20:00;Strada Urbana;VIA CARLO LUDOVICO BRAGAGLIA;all'intersezione con;VIA FRANCO FABRIZI;VIA FRANCO FABRIZI;;;Veicolo in marcia contro veicoli in sosta;Intersezione non regolata/non segnalata;Una carreggiata a doppio senso;Asciutto;Asfaltata;Orizzontale;Sereno;Normale;Buona;;0;0;0;5;12.5362;41.9674;-1;3;Autovettura privata;Sosta;;;;;;;
5033430;4;25/08/2020 09:20:00;Strada Urbana;VIA CARLO LUDOVICO BRAGAGLIA;all'intersezione con;VIA FRANCO FABRIZI;VIA FRANCO FABRIZI;;;Veicolo in marcia contro veicoli in sosta;Intersezione non regolata/non segnalata;Una carreggiata a doppio senso;Asciutto;Asfaltata;Orizzontale;Sereno;Normale;Buona;;0;0;0;5;12.5362;41.9674;-1;4;Autovettura privata;Sosta;;;;;;;
5033466;7;25/08/2020 22:50:00;Strada Urbana;VIA ANTONIO SEBASTIANI;in corrispondenza;;del civico n.;27;;Veicolo in marcia contro veicolo in sosta;Rettilineo;Una carreggiata a senso unico di marcia;Asciutto;Asfaltata;Verticale ed orizzontale;Sereno;Scarso;Sufficiente;;0;0;0;1;12.5693;41.8756;-1;1;Autovettura privata;Sosta;;;;;;;
5033466;7;25/08/2020 22:50:00;Strada Urbana;VIA ANTONIO SEBASTIANI;in corrispondenza;;del civico n.;27;;Veicolo in marcia contro veicolo in sosta;Rettilineo;Una carreggiata a senso unico di marcia;Asciutto;Asfaltata;Verticale ed orizzontale;Sereno;Scarso;Sufficiente;;0;0;0;1;12.5693;41.8756;-1;2;Autovettura privata;In marcia / fermata / arresto;Conducente;M;Illeso;0;;Non accertato;Inesploso
5033539;20;26/08/2020 08:50:00;Strada Urbana;VIA DELLA CAMILLUCCIA;in prossimit�;;del civico n.;495;;Infortunio per sola frenata improvvisa;Curva a visuale libera;Una carreggiata a doppio senso;Asciutto;Asfaltata;Orizzontale;Sereno;Normale;Buona;;1;0;0;0;12.4449;41.941;-1;1;Motociclo a solo;In marcia / fermata / arresto;Conducente;M;Rimandato;0;NON DECEDUTO;Non accertato;
5033557;2;26/08/2020 04:30:00;Strada Urbana;PIAZZA ISTRIA;all'intersezione con;CORSO TRIESTE;CORSO TRIESTE;;;Veicolo in marcia contro ostacolo fisso;Rotatoria;Una carreggiata a senso unico di marcia;Asciutto;Asfaltata;Verticale ed orizzontale;Sereno;Scarso;Buona;;0;0;0;1;12.5128;41.9233;-1;1;Autovettura privata;In marcia / fermata / arresto;Conducente;F;Illeso;0;;;
5033560;2;25/08/2020 08:40:00;Strada Urbana;LUNGOTEVERE FLAMINIO;in corrispondenza;;del civico n.;30;;Veicolo in marcia contro ostacolo fisso;Rettilineo;Una carreggiata a doppio senso;Asciutto;Asfaltata;Verticale ed orizzontale;Sereno;Scarso;Buona;;1;0;0;0;12.4782;41.9192;-1;1;Autovettura privata;In marcia / fermata / arresto;Conducente;M;Rimandato;0;NON DECEDUTO;;
5033575;2;25/08/2020 17:15:00;Strada Urbana;VIA FLAMINIA;da specificare;;;;alt. Rai Saxa Rubra dir. GRA;Veicolo in marcia contro ostacolo accidentale;Rettilineo;Due carreggiate;Asciutto;Asfaltata;Verticale ed orizzontale;Sereno;Normale;Buona;;0;0;0;3;12.4718;41.9419;-1;1;Autocarro inferiore 35 q.;In marcia / fermata / arresto;Conducente;M;Illeso;0;;Non accertato;Inesploso
5033575;2;25/08/2020 17:15:00;Strada Urbana;VIA FLAMINIA;da specificare;;;;alt. Rai Saxa Rubra dir. GRA;Veicolo in marcia contro ostacolo accidentale;Rettilineo;Due carreggiate;Asciutto;Asfaltata;Verticale ed orizzontale;Sereno;Normale;Buona;;0;0;0;3;12.4718;41.9419;-1;2;Autovettura di polizia;In marcia / fermata / arresto;Conducente;M;Illeso;0;;Non accertato;Inesploso
5033575;2;25/08/2020 17:15:00;Strada Urbana;VIA FLAMINIA;da specificare;;;;alt. Rai Saxa Rubra dir. GRA;Veicolo in marcia contro ostacolo accidentale;Rettilineo;Due carreggiate;Asciutto;Asfaltata;Verticale ed orizzontale;Sereno;Normale;Buona;;0;0;0;3;12.4718;41.9419;-1;2;Autovettura di polizia;In marcia / fermata / arresto;Passeggero;M;Illeso;0;;Non accertato;Inesploso
5033591;2;25/08/2020 11:34:00;Strada Urbana;CIRCONVALLAZIONE SALARIA;da specificare;;;;rampa di immissione Via Catalani;Veicolo in marcia contro ostacolo accidentale;Curva a visuale libera;Una carreggiata a senso unico di marcia;Asciutto;Asfaltata;Verticale ed orizzontale;Sereno;Scarso;Buona;;0;0;0;1;12.5117;41.9382;-1;1;Autovettura privata;In marcia / fermata / arresto;Conducente;M;Illeso;0;;Non accertato;Inesploso
5033595;2;25/08/2020 14:15:00;Strada Urbana;CIRCONVALLAZIONE SALARIA;da specificare;;;;DIR. F.ITALICO ALT. RAMPA DA SALARIA CENTRO;Veicolo in marcia contro ostacolo fisso;Curva a visuale libera;Due carreggiate;Asciutto;Asfaltata;Verticale ed orizzontale;Sereno;Normale;Buona;;0;0;0;1;12.5207;41.9347;-1;1;Autovettura privata;In marcia / fermata / arresto;Conducente;F;Illeso;0;;Non accertato;Inesploso
5033606;2;25/08/2020 09:45:00;Strada Urbana;VIALE XVII OLIMPIADE;all'intersezione con;VIA AUSTRIA;VIA AUSTRIA;;;Scontro frontale/laterale SX fra veicoli in marcia;Incrocio;Una carreggiata a senso unico di marcia;Asciutto;Asfaltata;Verticale ed orizzontale;Sereno;Scarso;Buona;;0;0;0;3;12.472;41.932;-1;1;Autovettura privata;In marcia / fermata / arresto;Conducente;M;Illeso;0;;Non accertato;Inesploso
5033606;2;25/08/2020 09:45:00;Strada Urbana;VIALE XVII OLIMPIADE;all'intersezione con;VIA AUSTRIA;VIA AUSTRIA;;;Scontro frontale/laterale SX fra veicoli in marcia;Incrocio;Una carreggiata a senso unico di marcia;Asciutto;Asfaltata;Verticale ed orizzontale;Sereno;Scarso;Buona;;0;0;0;3;12.472;41.932;-1;2;Autovettura privata;In marcia / fermata / arresto;Conducente;M;Illeso;0;;Non accertato;Inesploso
5033606;2;25/08/2020 09:45:00;Strada Urbana;VIALE XVII OLIMPIADE;all'intersezione con;VIA AUSTRIA;VIA AUSTRIA;;;Scontro frontale/laterale SX fra veicoli in marcia;Incrocio;Una carreggiata a senso unico di marcia;Asciutto;Asfaltata;Verticale ed orizzontale;Sereno;Scarso;Buona;;0;0;0;3;12.472;41.932;-1;2;Autovettura privata;In marcia / fermata / arresto;Passeggero;F;Illeso;0;;Non accertato;Inesploso
5033611;3;25/08/2020 09:50:00;Strada Urbana;PIAZZA ORAZIO MARUCCHI;da specificare;;;;fronte civ 4A;Scontro laterale fra veicoli in marcia;Rettilineo;Una carreggiata a senso unico di marcia;Asciutto;Asfaltata;Verticale ed orizzontale;Sereno;Scarso;Buona;;2;0;0;1;12.5206;41.921;-1;1;Autovettura privata;In marcia / fermata / arresto;Conducente;M;Illeso;0;;;
5033611;3;25/08/2020 09:50:00;Strada Urbana;PIAZZA ORAZIO MARUCCHI;da specificare;;;;fronte civ 4A;Scontro laterale fra veicoli in marcia;Rettilineo;Una carreggiata a senso unico di marcia;Asciutto;Asfaltata;Verticale ed orizzontale;Sereno;Scarso;Buona;;2;0;0;1;12.5206;41.921;-1;2;Motociclo con passeggero;In marcia / fermata / arresto;Conducente;M;Ricoverato;0;NON DECEDUTO;;
5033611;3;25/08/2020 09:50:00;Strada Urbana;PIAZZA ORAZIO MARUCCHI;da specificare;;;;fronte civ 4A;Scontro laterale fra veicoli in marcia;Rettilineo;Una carreggiata a senso unico di marcia;Asciutto;Asfaltata;Verticale ed orizzontale;Sereno;Scarso;Buona;;2;0;0;1;12.5206;41.921;-1;2;Motociclo con passeggero;In marcia / fermata / arresto;Passeggero;F;Ricoverato;0;NON DECEDUTO;;
5033770;11;26/08/2020 10:55:00;Strada Urbana;VIA TULLIO LEVI CIVITA;all'intersezione semaforizzata con;VIA TEMISTOCLE CALZECCHI ONESTI;VIA TEMISTOCLE CALZECCHI ONESTI;;;Scontro frontale/laterale DX fra veicoli in marcia;Intersezione semaforizzata;Due carreggiate;Asciutto;Asfaltata;Verticale ed orizzontale;Sereno;Normale;Buona;;2;0;0;2;12.4739;41.857;-1;1;Autovettura privata;In marcia / fermata / arresto;Conducente;M;Illeso;0;;;
5033770;11;26/08/2020 10:55:00;Strada Urbana;VIA TULLIO LEVI CIVITA;all'intersezione semaforizzata con;VIA TEMISTOCLE CALZECCHI ONESTI;VIA TEMISTOCLE CALZECCHI ONESTI;;;Scontro frontale/laterale DX fra veicoli in marcia;Intersezione semaforizzata;Due carreggiate;Asciutto;Asfaltata;Verticale ed orizzontale;Sereno;Normale;Buona;;2;0;0;2;12.4739;41.857;-1;1;Autovettura privata;In marcia / fermata / arresto;Passeggero;F;Illeso;0;;;
5033770;11;26/08/2020 10:55:00;Strada Urbana;VIA TULLIO LEVI CIVITA;all'intersezione semaforizzata con;VIA TEMISTOCLE CALZECCHI ONESTI;VIA TEMISTOCLE CALZECCHI ONESTI;;;Scontro frontale/laterale DX fra veicoli in marcia;Intersezione semaforizzata;Due carreggiate;Asciutto;Asfaltata;Verticale ed orizzontale;Sereno;Normale;Buona;;2;0;0;2;12.4739;41.857;-1;1;Autovettura privata;In marcia / fermata / arresto;Passeggero;M;Rimandato;0;NON DECEDUTO;;
5033770;11;26/08/2020 10:55:00;Strada Urbana;VIA TULLIO LEVI CIVITA;all'intersezione semaforizzata con;VIA TEMISTOCLE CALZECCHI ONESTI;VIA TEMISTOCLE CALZECCHI ONESTI;;;Scontro frontale/laterale DX fra veicoli in marcia;Intersezione semaforizzata;Due carreggiate;Asciutto;Asfaltata;Verticale ed orizzontale;Sereno;Normale;Buona;;2;0;0;2;12.4739;41.857;-1;2;Motociclo a solo;In marcia / fermata / arresto;Conducente;M;Rimandato;0;NON DECEDUTO;Non accertato;
5033802;12;25/08/2020 12:00:00;Strada Urbana;VIA LAURENTINA;all'intersezione semaforizzata con;VIA CELINE;VIA CELINE;;;Scontro frontale/laterale DX fra veicoli in marcia;Incrocio;Pi� di due carreggiate;Asciutto;Asfaltata;Verticale ed orizzontale;Sereno;Normale;Buona;;1;0;0;2;12.4847;41.8089;-1;1;Autovettura privata;In marcia / fermata / arresto;Conducente;M;Illeso;0;;Utilizzato;Esploso
5033802;12;25/08/2020 12:00:00;Strada Urbana;VIA LAURENTINA;all'intersezione semaforizzata con;VIA CELINE;VIA CELINE;;;Scontro frontale/laterale DX fra veicoli in marcia;Incrocio;Pi� di due carreggiate;Asciutto;Asfaltata;Verticale ed orizzontale;Sereno;Normale;Buona;;1;0;0;2;12.4847;41.8089;-1;1;Autovettura privata;In marcia / fermata / arresto;Passeggero;F;Illeso;0;;Utilizzato;Esploso
5033802;12;25/08/2020 12:00:00;Strada Urbana;VIA LAURENTINA;all'intersezione semaforizzata con;VIA CELINE;VIA CELINE;;;Scontro frontale/laterale DX fra veicoli in marcia;Incrocio;Pi� di due carreggiate;Asciutto;Asfaltata;Verticale ed orizzontale;Sereno;Normale;Buona;;1;0;0;2;12.4847;41.8089;-1;2;Autovettura privata;In marcia / fermata / arresto;Conducente;F;Rimandato;0;NON DECEDUTO;Non accertato;Inesistente
5033811;10;26/08/2020 07:30:00;Statale;VIA APPIA NUOVA;da specificare;;;;palo ACEA 519;Tamponamento;Rettilineo;Due carreggiate;Asciutto;Asfaltata;Verticale ed orizzontale;Sereno;Normale;Buona;;1;0;0;1;12.576;41.811;-1;1;Autovettura privata;In marcia / fermata / arresto;Conducente;M;Rimandato;0;NON DECEDUTO;Non accertato;Inesploso
5033811;10;26/08/2020 07:30:00;Statale;VIA APPIA NUOVA;da specificare;;;;palo ACEA 519;Tamponamento;Rettilineo;Due carreggiate;Asciutto;Asfaltata;Verticale ed orizzontale;Sereno;Normale;Buona;;1;0;0;1;12.576;41.811;-1;2;Autocarro inferiore 35 q.;In marcia / fermata / arresto;Conducente;M;Illeso;0;;Non accertato;Inesploso
5033820;1;16/08/2020 17:40:00;Strada Urbana;VIALE AVENTINO;da specificare;;;;in prossimit� di Piazza di Porta Capena ;Infortunio per sola frenata improvvisa;Rettilineo;Pi� di due carreggiate;Asciutto;Asfaltata;Verticale ed orizzontale;Sereno;Normale;Buona;;1;0;0;1;12.489;41.8841;-1;1;Autobus urbano;In marcia / fermata / arresto;Conducente;M;Illeso;0;;Non accertato;
5033820;1;16/08/2020 17:40:00;Strada Urbana;VIALE AVENTINO;da specificare;;;;in prossimit� di Piazza di Porta Capena ;Infortunio per sola frenata improvvisa;Rettilineo;Pi� di due carreggiate;Asciutto;Asfaltata;Verticale ed orizzontale;Sereno;Normale;Buona;;1;0;0;1;12.489;41.8841;-1;1;Autobus urbano;In marcia / fermata / arresto;Passeggero;M;Rimandato;0;NON DECEDUTO;Non accertato;Inesistente
5033822;10;26/08/2020 08:15:00;Strada Urbana;VIA APPIA PIGNATELLI;all'intersezione con;VIA ANNIA REGILLA;VIA ANNIA REGILLA;;;Scontro laterale fra veicoli in marcia;Intersezione semaforizzata;Una carreggiata a doppio senso;Asciutto;Asfaltata;Verticale ed orizzontale;Sereno;Normale;Buona;;1;0;0;1;12.5457;41.8396;-1;1;Motociclo a solo;In marcia / fermata / arresto;Conducente;M;Rimandato;0;NON DECEDUTO;Non accertato;
5033822;10;26/08/2020 08:15:00;Strada Urbana;VIA APPIA PIGNATELLI;all'intersezione con;VIA ANNIA REGILLA;VIA ANNIA REGILLA;;;Scontro laterale fra veicoli in marcia;Intersezione semaforizzata;Una carreggiata a doppio senso;Asciutto;Asfaltata;Verticale ed orizzontale;Sereno;Normale;Buona;;1;0;0;1;12.5457;41.8396;-1;2;Autovettura privata;In marcia / fermata / arresto;Conducente;M;Illeso;0;;Non accertato;Inesploso
5033859;18;26/08/2020 15:25:00;Strada Urbana;VIA DI CASAL SELCE;all'intersezione con;VIA GIUSEPPE LAZZATI;VIA GIUSEPPE LAZZATI;;;Scontro frontale fra veicoli in marcia;Incrocio;Una carreggiata a doppio senso;Asciutto;Asfaltata;Verticale ed orizzontale;Sereno;Normale;Buona;;0;0;0;2;12.3439;41.9016;-1;1;Autocarro inferiore 35 q.;In marcia / fermata / arresto;Conducente;M;Illeso;0;;Non accertato;Inesploso
5033859;18;26/08/2020 15:25:00;Strada Urbana;VIA DI CASAL SELCE;all'intersezione con;VIA GIUSEPPE LAZZATI;VIA GIUSEPPE LAZZATI;;;Scontro frontale fra veicoli in marcia;Incrocio;Una carreggiata a doppio senso;Asciutto;Asfaltata;Verticale ed orizzontale;Sereno;Normale;Buona;;0;0;0;2;12.3439;41.9016;-1;2;Autovettura privata;In marcia / fermata / arresto;Conducente;F;Illeso;0;;Non accertato;Esploso