Protocollo;Gruppo;DataOraIncidente;Localizzazione1;STRADA1;Localizzazione2;STRADA2;Strada02;Chilometrica;DaSpecificare;NaturaIncidente;particolaritastrade;TipoStrada;FondoStradale;Pavimentazione;Segnaletica;CondizioneAtmosferica;Traffico;Visibilita;Illuminazione;NUM_FERITI;NUM_RISERVATA;NUM_MORTI;NUM_ILLESI;Longitudine;Latitudine;Confermato;Progressivo;TipoVeicolo;StatoVeicolo;TipoPersona;Sesso;Tipolesione;Deceduto;DecedutoDopo;CinturaCascoUtilizzato;Airbag;
5039080;13;31/08/2020 14:45:00;Strada Urbana;VIALE ENRICO ORTOLANI;in corrispondenza;;del civico n.;104;;Veicolo in marcia contro veicoli in sosta;Rettilineo;Una carreggiata a doppio senso;Bagnato (pioggia);Asfaltata;Assente;Pioggia in atto;Scarso;Buona;;0;0;0;1;12.331;41.7702;-1;4;Autovettura privata;Sosta;;;;;;;
5039095;18;31/08/2020 16:00:00;Strada Urbana;VIA DI CASAL SELCE;in prossimit�;;del civico n.;80;;Fuoriuscita dalla sede stradale;Rettilineo;Una carreggiata a doppio senso;Bagnato (pioggia);Asfaltata;Verticale ed orizzontale;Pioggia in atto;Normale;Sufficiente;;1;0;0;0;12.3348;41.8907;0;1;Autovettura privata;In marcia / fermata / arresto;Conducente;M;Rimandato;0;NON DECEDUTO;;
5039098;11;31/08/2020 08:30:00;Strada Urbana;VIALE DELL'ATLETICA;in corrispondenza;;del palo luce n.;40;;Ribaltamento senza urto contro ostacolo fisso;Rettilineo;Due carreggiate;Asciutto;Asfaltata;Verticale ed orizzontale;Sereno;Normale;Buona;;1;0;0;0;12.4797;41.8396;-1;1;Autovettura privata;In marcia / fermata / arresto;Conducente;M;Ricoverato;0;NON DECEDUTO;Non accertato;
5039110;9;31/08/2020 15:30:00;Strada Urbana;VIA CLELIA;all'intersezione con;VIA MUZIO SCEVOLA;VIA MUZIO SCEVOLA;;;Scontro frontale/laterale SX fra veicoli in marcia;Intersezione stradale segnalata;Una carreggiata a senso unico di marcia;Bagnato (umidit� in atto);Asfaltata;Verticale ed orizzontale;Nuvoloso;Normale;Sufficiente;;0;0;0;2;12.5268;41.8747;-1;1;Autovettura privata;In marcia / fermata / arresto;Conducente;M;Illeso;0;;Non accertato;Inesploso
5039110;9;31/08/2020 15:30:00;Strada Urbana;VIA CLELIA;all'intersezione con;VIA MUZIO SCEVOLA;VIA MUZIO SCEVOLA;;;Scontro frontale/laterale SX fra veicoli in marcia;Intersezione stradale segnalata;Una carreggiata a senso unico di marcia;Bagnato (umidit� in atto);Asfaltata;Verticale ed orizzontale;Nuvoloso;Normale;Sufficiente;;0;0;0;2;12.5268;41.8747;-1;2;Autovettura privata;In marcia / fermata / arresto;Conducente;M;Illeso;0;;Non accertato;Inesploso
5039118;8;31/08/2020 21:00:00;Strada Urbana;VIA DI TOR VERGATA;da specificare;;;;altezza deposito ATAC;Scontro laterale fra veicoli in marcia;Rettilineo;Una carreggiata a senso unico di marcia;Bagnato (pioggia);Asfaltata;Verticale ed orizzontale;Nuvoloso;Normale;Sufficiente;;1;0;0;2;12.6226;41.8468;-1;1;Autovettura privata;In marcia / fermata / arresto;Conducente;M;Rifiuta cure immediate;0;NON DECEDUTO;;
5039118;8;31/08/2020 21:00:00;Strada Urbana;VIA DI TOR VERGATA;da specificare;;;;altezza deposito ATAC;Scontro laterale fra veicoli in marcia;Rettilineo;Una carreggiata a senso unico di marcia;Bagnato (pioggia);Asfaltata;Verticale ed orizzontale;Nuvoloso;Normale;Sufficiente;;1;0;0;2;12.6226;41.8468;-1;1;Autovettura privata;In marcia / fermata / arresto;Passeggero;M;Illeso;0;;;
5039118;8;31/08/2020 21:00:00;Strada Urbana;VIA DI TOR VERGATA;da specificare;;;;altezza deposito ATAC;Scontro laterale fra veicoli in marcia;Rettilineo;Una carreggiata a senso unico di marcia;Bagnato (pioggia);Asfaltata;Verticale ed orizzontale;Nuvoloso;Normale;Sufficiente;;1;0;0;2;12.6226;41.8468;-1;2;Autovettura privata;In marcia / fermata / arresto;Conducente;F;Illeso;0;;Non accertato;Inesploso
5039118;8;31/08/2020 21:00:00;Strada Urbana;VIA DI TOR VERGATA;da specificare;;;;altezza deposito ATAC;Scontro laterale fra veicoli in marcia;Rettilineo;Una carreggiata a senso unico di marcia;Bagnato (pioggia);Asfaltata;Verticale ed orizzontale;Nuvoloso;Normale;Sufficiente;;1;0;0;2;12.6226;41.8468;-1;3;Autovettura privata;Sosta;;;;;;;
5039119;19;31/08/2020 14:20:00;Strada Urbana;VIA DELLA VALLE DEI FONTANILI;da specificare;;;;pross. Via dei Dumas;Tamponamento Multiplo;Rettilineo;Una carreggiata a doppio senso;Bagnato (pioggia);Asfaltata;Assente;Pioggia in atto;Normale;Sufficiente;;2;0;0;1;12.4077;41.9237;-1;1;Autovettura privata;In marcia / fermata / arresto;Conducente;F;Rifiuta cure immediate;0;NON DECEDUTO;Non accertato;
5039119;19;31/08/2020 14:20:00;Strada Urbana;VIA DELLA VALLE DEI FONTANILI;da specificare;;;;pross. Via dei Dumas;Tamponamento Multiplo;Rettilineo;Una carreggiata a doppio senso;Bagnato (pioggia);Asfaltata;Assente;Pioggia in atto;Normale;Sufficiente;;2;0;0;1;12.4077;41.9237;-1;2;Autovettura privata;In marcia / fermata / arresto;Conducente;F;Rifiuta cure immediate;0;NON DECEDUTO;Non accertato;
5039119;19;31/08/2020 14:20:00;Strada Urbana;VIA DELLA VALLE DEI FONTANILI;da specificare;;;;pross. Via dei Dumas;Tamponamento Multiplo;Rettilineo;Una carreggiata a doppio senso;Bagnato (pioggia);Asfaltata;Assente;Pioggia in atto;Normale;Sufficiente;;2;0;0;1;12.4077;41.9237;-1;3;Autocarro inferiore 35 q.;In marcia / fermata / arresto;Conducente;M;Illeso;0;;Non accertato;
5039128;16;31/08/2020 14:15:00;Strada Urbana;PIAZZALE EUGENIO MORELLI;in prossimit�;;del civico n.;F.C. 36;;Tamponamento Multiplo;Rettilineo;Una carreggiata a senso unico di marcia;Bagnato (pioggia);Asfaltata;Verticale ed orizzontale;Pioggia in atto;Normale;Sufficiente;;0;0;0;4;12.4439;41.8603;-1;1;Autovettura privata;In marcia / fermata / arresto;Conducente;F;Illeso;0;;;
5039128;16;31/08/2020 14:15:00;Strada Urbana;PIAZZALE EUGENIO MORELLI;in prossimit�;;del civico n.;F.C. 36;;Tamponamento Multiplo;Rettilineo;Una carreggiata a senso unico di marcia;Bagnato (pioggia);Asfaltata;Verticale ed orizzontale;Pioggia in atto;Normale;Sufficiente;;0;0;0;4;12.4439;41.8603;-1;1;Autovettura privata;In marcia / fermata / arresto;Passeggero;M;Illeso;0;;;
5039128;16;31/08/2020 14:15:00;Strada Urbana;PIAZZALE EUGENIO MORELLI;in prossimit�;;del civico n.;F.C. 36;;Tamponamento Multiplo;Rettilineo;Una carreggiata a senso unico di marcia;Bagnato (pioggia);Asfaltata;Verticale ed orizzontale;Pioggia in atto;Normale;Sufficiente;;0;0;0;4;12.4439;41.8603;-1;2;Autovettura privata;In marcia / fermata / arresto;Conducente;F;Illeso;0;;;
5039128;16;31/08/2020 14:15:00;Strada Urbana;PIAZZALE EUGENIO MORELLI;in prossimit�;;del civico n.;F.C. 36;;Tamponamento Multiplo;Rettilineo;Una carreggiata a senso unico di marcia;Bagnato (pioggia);Asfaltata;Verticale ed orizzontale;Pioggia in atto;Normale;Sufficiente;;0;0;0;4;12.4439;41.8603;-1;3;Autovettura privata;In marcia / fermata / arresto;Conducente;M;Illeso;0;;;
5039130;11;31/08/2020 07:00:00;Strada Urbana;VIA DI TOR CARBONE;in prossimit�;;del palo luce n.;46;;Fuoriuscita dalla sede stradale;Curva senza visuale libera;Una carreggiata a doppio senso;Bagnato (pioggia);Asfaltata;Verticale ed orizzontale;Pioggia in atto;Scarso;Buona;;0;0;0;1;12.5326;41.8306;-1;1;Autovettura privata;In marcia / fermata / arresto;Conducente;M;Illeso;0;;Non accertato;
5039144;19;31/08/2020 19:30:00;Strada Urbana;VIA ARISTIDE GABELLI;in prossimit�;;del civico n.;18;;Investimento di pedone;Rettilineo;Una carreggiata a senso unico di marcia;Bagnato (pioggia);Asfaltata;Orizzontale;Pioggia in atto;Normale;Sufficiente;;1;0;0;1;12.4223;41.9422;-1;;;;Pedone;M;Rifiuta cure immediate;0;NON DECEDUTO;;
5039144;19;31/08/2020 19:30:00;Strada Urbana;VIA ARISTIDE GABELLI;in prossimit�;;del civico n.;18;;Investimento di pedone;Rettilineo;Una carreggiata a senso unico di marcia;Bagnato (pioggia);Asfaltata;Orizzontale;Pioggia in atto;Normale;Sufficiente;;1;0;0;1;12.4223;41.9422;-1;1;Autovettura privata;In marcia / fermata / arresto;Conducente;M;Illeso;0;;Non accertato;Inesploso
5039152;5;31/08/2020 08:15:00;Strada Urbana;VIA CERCHIARA;da specificare;;;;prossimit� via Affile;Tamponamento Multiplo;Rettilineo;Una carreggiata a doppio senso;Bagnato (pioggia);Asfaltata;Verticale ed orizzontale;Pioggia in atto;Normale;Buona;;1;0;0;3;12.6156;41.9328;-1;1;Autovettura privata;In marcia / fermata / arresto;Conducente;F;Illeso;0;;;
5039152;5;31/08/2020 08:15:00;Strada Urbana;VIA CERCHIARA;da specificare;;;;prossimit� via Affile;Tamponamento Multiplo;Rettilineo;Una carreggiata a doppio senso;Bagnato (pioggia);Asfaltata;Verticale ed orizzontale;Pioggia in atto;Normale;Buona;;1;0;0;3;12.6156;41.9328;-1;2;Autovettura privata;In marcia / fermata / arresto;Conducente;M;Rimandato;0;NON DECEDUTO;;
5039152;5;31/08/2020 08:15:00;Strada Urbana;VIA CERCHIARA;da specificare;;;;prossimit� via Affile;Tamponamento Multiplo;Rettilineo;Una carreggiata a doppio senso;Bagnato (pioggia);Asfaltata;Verticale ed orizzontale;Pioggia in atto;Normale;Buona;;1;0;0;3;12.6156;41.9328;-1;2;Autovettura privata;In marcia / fermata / arresto;Passeggero;M;Illeso;0;;;
5039152;5;31/08/2020 08:15:00;Strada Urbana;VIA CERCHIARA;da specificare;;;;prossimit� via Affile;Tamponamento Multiplo;Rettilineo;Una carreggiata a doppio senso;Bagnato (pioggia);Asfaltata;Verticale ed orizzontale;Pioggia in atto;Normale;Buona;;1;0;0;3;12.6156;41.9328;-1;3;Autocarro superiore 35 q.;In marcia / fermata / arresto;Conducente;M;Illeso;0;;;
5039170;5;31/08/2020 11:40:00;Strada Urbana;PIAZZA BALDASSARRE AVANZINI;in prossimit�;;del civico n.;61;;Scontro laterale fra veicoli in marcia;Rettilineo;Una carreggiata a doppio senso;Bagnato (pioggia);Asfaltata;Assente;Pioggia in atto;Scarso;Buona;;0;0;0;3;12.5461;41.9137;-1;1;Autovettura privata;In marcia / fermata / arresto;Conducente;M;Illeso;0;;Non accertato;Inesploso
5039170;5;31/08/2020 11:40:00;Strada Urbana;PIAZZA BALDASSARRE AVANZINI;in prossimit�;;del civico n.;61;;Scontro laterale fra veicoli in marcia;Rettilineo;Una carreggiata a doppio senso;Bagnato (pioggia);Asfaltata;Assente;Pioggia in atto;Scarso;Buona;;0;0;0;3;12.5461;41.9137;-1;2;Autovettura privata;In marcia / fermata / arresto;Conducente;M;Illeso;0;;Non accertato;Inesploso
5039170;5;31/08/2020 11:40:00;Strada Urbana;PIAZZA BALDASSARRE AVANZINI;in prossimit�;;del civico n.;61;;Scontro laterale fra veicoli in marcia;Rettilineo;Una carreggiata a doppio senso;Bagnato (pioggia);Asfaltata;Assente;Pioggia in atto;Scarso;Buona;;0;0;0;3;12.5461;41.9137;-1;2;Autovettura privata;In marcia / fermata / arresto;Passeggero;F;Illeso;0;;Non accertato;Inesploso
5039171;15;31/08/2020 17:30:00;Strada Urbana;VIA MARINO MAZZACURATI;da specificare;;;;IN PROSSIMITA' DEL FRONTE CIVICO 65;Veicolo in marcia contro veicolo in sosta;Rettilineo;Una carreggiata a doppio senso;Bagnato (pioggia);Asfaltata;Orizzontale;Nuvoloso;Scarso;Buona;;0;0;0;1;12.4135;41.8507;-1;1;Autovettura privata;In marcia / fermata / arresto;Conducente;M;Illeso;0;;Non accertato;Inesploso
5039171;15;31/08/2020 17:30:00;Strada Urbana;VIA MARINO MAZZACURATI;da specificare;;;;IN PROSSIMITA' DEL FRONTE CIVICO 65;Veicolo in marcia contro veicolo in sosta;Rettilineo;Una carreggiata a doppio senso;Bagnato (pioggia);Asfaltata;Orizzontale;Nuvoloso;Scarso;Buona;;0;0;0;1;12.4135;41.8507;-1;2;Autovettura privata;Sosta;;;;;;;
5039192;5;31/08/2020 13:15:00;Strada Urbana;NUOVA CIRCONVALLAZIONE INTERNA;da specificare;;;;prossimit� Via Camesena dir. Via Salaria;Tamponamento Multiplo;Galleria illuminata;Una carreggiata a senso unico di marcia;Bagnato (pioggia);Asfaltata;Verticale ed orizzontale;Pioggia in atto;Normale;Buona;;0;0;0;5;12.5339;41.9086;-1;1;Autovettura privata;In marcia / fermata / arresto;Conducente;F;Illeso;0;;Non accertato;Inesploso
5039192;5;31/08/2020 13:15:00;Strada Urbana;NUOVA CIRCONVALLAZIONE INTERNA;da specificare;;;;prossimit� Via Camesena dir. Via Salaria;Tamponamento Multiplo;Galleria illuminata;Una carreggiata a senso unico di marcia;Bagnato (pioggia);Asfaltata;Verticale ed orizzontale;Pioggia in atto;Normale;Buona;;0;0;0;5;12.5339;41.9086;-1;1;Autovettura privata;In marcia / fermata / arresto;Passeggero;M;Illeso;0;;Non accertato;Inesploso
5039192;5;31/08/2020 13:15:00;Strada Urbana;NUOVA CIRCONVALLAZIONE INTERNA;da specificare;;;;prossimit� Via Camesena dir. Via Salaria;Tamponamento Multiplo;Galleria illuminata;Una carreggiata a senso unico di marcia;Bagnato (pioggia);Asfaltata;Verticale ed orizzontale;Pioggia in atto;Normale;Buona;;0;0;0;5;12.5339;41.9086;-1;2;Autovettura privata;In marcia / fermata / arresto;Conducente;F;Illeso;0;;Non accertato;Inesploso
5039192;5;31/08/2020 13:15:00;Strada Urbana;NUOVA CIRCONVALLAZIONE INTERNA;da specificare;;;;prossimit� Via Camesena dir. Via Salaria;Tamponamento Multiplo;Galleria illuminata;Una carreggiata a senso unico di marcia;Bagnato (pioggia);Asfaltata;Verticale ed orizzontale;Pioggia in atto;Normale;Buona;;0;0;0;5;12.5339;41.9086;-1;3;Autovettura privata;In marcia / fermata / arresto;Conducente;M;Illeso;0;;Non accertato;Inesploso
5039192;5;31/08/2020 13:15:00;Strada Urbana;NUOVA CIRCONVALLAZIONE INTERNA;da specificare;;;;prossimit� Via Camesena dir. Via Salaria;Tamponamento Multiplo;Galleria illuminata;Una carreggiata a senso unico di marcia;Bagnato (pioggia);Asfaltata;Verticale ed orizzontale;Pioggia in atto;Normale;Buona;;0;0;0;5;12.5339;41.9086;-1;3;Autovettura privata;In marcia / fermata / arresto;Passeggero;F;Illeso;0;;Non accertato;Inesploso
5039196;10;31/08/2020 13:55:00;Strada Urbana;VIA TUSCOLANA;da specificare;;;;alt palo luce ANAS  AB 91;Fuoriuscita dalla sede stradale;Curva a visuale libera;Una carreggiata a senso unico di marcia;Bagnato (pioggia);Asfaltata;Verticale ed orizzontale;Pioggia in atto;Normale;Sufficiente;;1;0;0;0;12.5929;41.8393;-1;1;Autovettura privata;In marcia / fermata / arresto;Conducente;F;Rimandato;0;NON DECEDUTO;Non accertato;Inesploso
5039204;7;31/08/2020 11:35:00;Strada Urbana;VIA SALVIATI;all'intersezione semaforizzata con;VIA DI TOR CERVARA;VIA DI TOR CERVARA;;;Tamponamento;Intersezione semaforizzata;Una carreggiata a doppio senso;Bagnato (pioggia);Asfaltata;Verticale ed orizzontale;Pioggia in atto;Normale;Buona;;1;0;0;1;12.5888;41.9078;-1;1;Autocarro inferiore 35 q.;In marcia / fermata / arresto;Conducente;M;Illeso;0;;Non accertato;Inesploso
5039204;7;31/08/2020 11:35:00;Strada Urbana;VIA SALVIATI;all'intersezione semaforizzata con;VIA DI TOR CERVARA;VIA DI TOR CERVARA;;;Tamponamento;Intersezione semaforizzata;Una carreggiata a doppio senso;Bagnato (pioggia);Asfaltata;Verticale ed orizzontale;Pioggia in atto;Normale;Buona;;1;0;0;1;12.5888;41.9078;-1;2;Motociclo a solo;In marcia / fermata / arresto;Conducente;M;Rimandato;0;NON DECEDUTO;Non accertato;
5039208;6;31/08/2020 15:00:00;Strada Urbana;VIA PRENESTINA;in corrispondenza;;del civico n.;fr. 225;;Veicolo in marcia contro veicoli in sosta;Rettilineo;Una carreggiata a senso unico di marcia;Bagnato (pioggia);Asfaltata;Verticale ed orizzontale;Pioggia in atto;Normale;Sufficiente;;0;0;0;1;12.5438;41.8928;-1;1;Autovettura privata;In marcia / fermata / arresto;Conducente;M;Illeso;0;;Non accertato;Inesploso
5039208;6;31/08/2020 15:00:00;Strada Urbana;VIA PRENESTINA;in corrispondenza;;del civico n.;fr. 225;;Veicolo in marcia contro veicoli in sosta;Rettilineo;Una carreggiata a senso unico di marcia;Bagnato (pioggia);Asfaltata;Verticale ed orizzontale;Pioggia in atto;Normale;Sufficiente;;0;0;0;1;12.5438;41.8928;-1;2;Autovettura privata;Sosta;;;;;;;
5039208;6;31/08/2020 15:00:00;Strada Urbana;VIA PRENESTINA;in corrispondenza;;del civico n.;fr. 225;;Veicolo in marcia contro veicoli in sosta;Rettilineo;Una carreggiata a senso unico di marcia;Bagnato (pioggia);Asfaltata;Verticale ed orizzontale;Pioggia in atto;Normale;Sufficiente;;0;0;0;1;12.5438;41.8928;-1;3;Autovettura privata;Sosta;;;;;;;
5039208;6;31/08/2020 15:00:00;Strada Urbana;VIA PRENESTINA;in corrispondenza;;del civico n.;fr. 225;;Veicolo in marcia contro veicoli in sosta;Rettilineo;Una carreggiata a senso unico di marcia;Bagnato (pioggia);Asfaltata;Verticale ed orizzontale;Pioggia in atto;Normale;Sufficiente;;0;0;0;1;12.5438;41.8928;-1;4;Autovettura privata;Sosta;;;;;;;
5039217;10;31/08/2020 13:15:00;Strada Urbana;VIA FILOMUSI GUELFI;in prossimit�;;del civico n.;6;;Tamponamento;Rettilineo;Una carreggiata a doppio senso;Bagnato (pioggia);Asfaltata;Verticale ed orizzontale;Pioggia in atto;Normale;Sufficiente;;0;0;0;2;12.5696;41.8624;-1;1;Autovettura privata;In marcia / fermata / arresto;Conducente;M;Illeso;0;;Non accertato;Inesploso
5039217;10;31/08/2020 13:15:00;Strada Urbana;VIA FILOMUSI GUELFI;in prossimit�;;del civico n.;6;;Tamponamento;Rettilineo;Una carreggiata a doppio senso;Bagnato (pioggia);Asfaltata;Verticale ed orizzontale;Pioggia in atto;Normale;Sufficiente;;0;0;0;2;12.5696;41.8624;-1;2;Motociclo a solo;In marcia / fermata / arresto;Conducente;F;Illeso;0;;Non accertato;
5039223;18;31/08/2020 19:20:00;Strada Urbana;VIA DI PANTAN MONASTERO;all'intersezione con;VIA DI CASAL SELCE;VIA DI CASAL SELCE;;;Scontro frontale/laterale SX fra veicoli in marcia;Intersezione stradale segnalata;Una carreggiata a doppio senso;Bagnato (pioggia);Asfaltata;Verticale ed orizzontale;Nuvoloso;Normale;Sufficiente;;0;0;0;3;12.3594;41.9212;-1;1;Autovettura privata;In marcia / fermata / arresto;Conducente;M;Illeso;0;;Non accertato;Inesploso
5039223;18;31/08/2020 19:20:00;Strada Urbana;VIA DI PANTAN MONASTERO;all'intersezione con;VIA DI CASAL SELCE;VIA DI CASAL SELCE;;;Scontro frontale/laterale SX fra veicoli in marcia;Intersezione stradale segnalata;Una carreggiata a doppio senso;Bagnato (pioggia);Asfaltata;Verticale ed orizzontale;Nuvoloso;Normale;Sufficiente;;0;0;0;3;12.3594;41.9212;-1;1;Autovettura privata;In marcia / fermata / arresto;Passeggero;F;Illeso;0;;Non accertato;Inesploso
5039223;18;31/08/2020 19:20:00;Strada Urbana;VIA DI PANTAN MONASTERO;all'intersezione con;VIA DI CASAL SELCE;VIA DI CASAL SELCE;;;Scontro frontale/laterale SX fra veicoli in marcia;Intersezione stradale segnalata;Una carreggiata a doppio senso;Bagnato (pioggia);Asfaltata;Verticale ed orizzontale;Nuvoloso;Normale;Sufficiente;;0;0;0;3;12.3594;41.9212;-1;2;Autovettura privata;In marcia / fermata / arresto;Conducente;M;Illeso;0;;Non accertato;Inesploso
5039230;4;31/08/2020 21:30:00;Strada Urbana;Tangenziale Est direzione S. Giovanni;da specificare;;;;in prossimit� San Lorenzo tratto sopraelevato;Veicolo in marcia contro ostacolo fisso;Rettilineo;Due carreggiate;Bagnato (umidit� in atto);Asfaltata;Verticale ed orizzontale;Nuvoloso;Scarso;Sufficiente;;0;1;0;5;12.5057;41.8859;-1;1;Autovettura privata;In marcia / fermata / arresto;Conducente;M;Prognosi riservata;0;NON DECEDUTO;Non accertato;Esploso
5039230;4;31/08/2020 21:30:00;Strada Urbana;Tangenziale Est direzione S. Giovanni;da specificare;;;;in prossimit� San Lorenzo tratto sopraelevato;Veicolo in marcia contro ostacolo fisso;Rettilineo;Due carreggiate;Bagnato (umidit� in atto);Asfaltata;Verticale ed orizzontale;Nuvoloso;Scarso;Sufficiente;;0;1;0;5;12.5057;41.8859;-1;2;Autovettura privata;In marcia / fermata / arresto;Conducente;M;Illeso;0;;;
5039230;4;31/08/2020 21:30:00;Strada Urbana;Tangenziale Est direzione S. Giovanni;da specificare;;;;in prossimit� San Lorenzo tratto sopraelevato;Veicolo in marcia contro ostacolo fisso;Rettilineo;Due carreggiate;Bagnato (umidit� in atto);Asfaltata;Verticale ed orizzontale;Nuvoloso;Scarso;Sufficiente;;0;1;0;5;12.5057;41.8859;-1;2;Autovettura privata;In marcia / fermata / arresto;Passeggero;F;Illeso;0;;Non accertato;
5039230;4;31/08/2020 21:30:00;Strada Urbana;Tangenziale Est direzione S. Giovanni;da specificare;;;;in prossimit� San Lorenzo tratto sopraelevato;Veicolo in marcia contro ostacolo fisso;Rettilineo;Due carreggiate;Bagnato (umidit� in atto);Asfaltata;Verticale ed orizzontale;Nuvoloso;Scarso;Sufficiente;;0;1;0;5;12.5057;41.8859;-1;2;Autovettura privata;In marcia / fermata / arresto;Passeggero;M;Illeso;0;;;
5039230;4;31/08/2020 21:30:00;Strada Urbana;Tangenziale Est direzione S. Giovanni;da specificare;;;;in prossimit� San Lorenzo tratto sopraelevato;Veicolo in marcia contro ostacolo fisso;Rettilineo;Due carreggiate;Bagnato (umidit� in atto);Asfaltata;Verticale ed orizzontale;Nuvoloso;Scarso;Sufficiente;;0;1;0;5;12.5057;41.8859;-1;3;Autovettura privata;In marcia / fermata / arresto;Conducente;M;Illeso;0;;Non accertato;Inesploso
5039230;4;31/08/2020 21:30:00;Strada Urbana;Tangenziale Est direzione S. Giovanni;da specificare;;;;in prossimit� San Lorenzo tratto sopraelevato;Veicolo in marcia contro ostacolo fisso;Rettilineo;Due carreggiate;Bagnato (umidit� in atto);Asfaltata;Verticale ed orizzontale;Nuvoloso;Scarso;Sufficiente;;0;1;0;5;12.5057;41.8859;-1;3;Autovettura privata;In marcia / fermata / arresto;Passeggero;M;Illeso;0;;Non accertato;
5039242;20;31/08/2020 16:40:00;Strada Urbana;VIA DEL FORO ITALICO;da specificare;;;;altezza rampsa di Corso di Francia dir Trionfale;Tamponamento;Rettilineo;Una carreggiata a senso unico di marcia;Bagnato (pioggia);Asfaltata;Verticale ed orizzontale;Pioggia in atto;Normale;Sufficiente;;1;0;0;1;12.4828;41.94;-1;1;Autovettura privata;In marcia / fermata / arresto;Conducente;M;Illeso;0;;Non accertato;
5039242;20;31/08/2020 16:40:00;Strada Urbana;VIA DEL FORO ITALICO;da specificare;;;;altezza rampsa di Corso di Francia dir Trionfale;Tamponamento;Rettilineo;Una carreggiata a senso unico di marcia;Bagnato (pioggia);Asfaltata;Verticale ed orizzontale;Pioggia in atto;Normale;Sufficiente;;1;0;0;1;12.4828;41.94;-1;2;Autovettura privata;In marcia / fermata / arresto;Conducente;M;Rifiuta cure immediate;0;NON DECEDUTO;;
5039243;10;31/08/2020 16:30:00;Strada Urbana;PIAZZA SCILLA;in corrispondenza;;del civico n.;4;;Veicolo in marcia contro ostacolo fisso;Curva a visuale libera;Una carreggiata a senso unico di marcia;Bagnato (pioggia);Asfaltata;Verticale ed orizzontale;Pioggia in atto;Normale;Sufficiente;;0;0;0;1;12.5633;41.8267;-1;1;Autovettura privata;In marcia / fermata / arresto;Conducente;M;Illeso;0;;Non accertato;Inesploso
5039244;12;31/08/2020 14:38:00;Strada Urbana;VIA ARDEATINA;in corrispondenza;;del civico n.;980;;Scontro frontale/laterale SX fra veicoli in marcia;Rettilineo;Una carreggiata a doppio senso;Bagnato (pioggia);Asfaltata;Assente;Pioggia in atto;Normale;Buona;;0;0;0;2;12.5346;41.7963;-1;1;Autovettura privata;In marcia / fermata / arresto;Conducente;M;Illeso;0;;;Inesploso
5039244;12;31/08/2020 14:38:00;Strada Urbana;VIA ARDEATINA;in corrispondenza;;del civico n.;980;;Scontro frontale/laterale SX fra veicoli in marcia;Rettilineo;Una carreggiata a doppio senso;Bagnato (pioggia);Asfaltata;Assente;Pioggia in atto;Normale;Buona;;0;0;0;2;12.5346;41.7963;-1;2;Autovettura privata;In marcia / fermata / arresto;Conducente;M;Illeso;0;;;Inesploso
5039249;12;31/08/2020 16:00:00;Provinciale;VIA DI PRATICA;da specificare;;;;50 mt prima di via della Cocumella;Veicolo in marcia contro ostacolo fisso;Rettilineo;Una carreggiata a doppio senso;Bagnato (pioggia);Asfaltata;Verticale ed orizzontale;Nuvoloso;Scarso;Buona;;2;0;0;0;12.4236;41.7113;-1;1;Autovettura privata;In marcia / fermata / arresto;Conducente;M;Rimandato;0;NON DECEDUTO;;
5039249;12;31/08/2020 16:00:00;Provinciale;VIA DI PRATICA;da specificare;;;;50 mt prima di via della Cocumella;Veicolo in marcia contro ostacolo fisso;Rettilineo;Una carreggiata a doppio senso;Bagnato (pioggia);Asfaltata;Verticale ed orizzontale;Nuvoloso;Scarso;Buona;;2;0;0;0;12.4236;41.7113;-1;1;Autovettura privata;In marcia / fermata / arresto;Passeggero;M;Rimandato;0;NON DECEDUTO;Utilizzato;Inesploso
5039250;20;31/08/2020 08:15:00;Strada Urbana;VIA GIUSEPPE PRINOTTI;all'intersezione con;VIA DELLA GIUSTINIANA;VIA DELLA GIUSTINIANA;;;Scontro frontale/laterale DX fra veicoli in marcia;Intersezione non regolata/non segnalata;Una carreggiata a doppio senso;Bagnato (pioggia);Asfaltata;Verticale ed orizzontale;Pioggia in atto;Normale;Sufficiente;;0;0;0;2;12.4792;42.0068;-1;1;Veicolo speciale;Sosta;;;;;;;
5039250;20;31/08/2020 08:15:00;Strada Urbana;VIA GIUSEPPE PRINOTTI;all'intersezione con;VIA DELLA GIUSTINIANA;VIA DELLA GIUSTINIANA;;;Scontro frontale/laterale DX fra veicoli in marcia;Intersezione non regolata/non segnalata;Una carreggiata a doppio senso;Bagnato (pioggia);Asfaltata;Verticale ed orizzontale;Pioggia in atto;Normale;Sufficiente;;0;0;0;2;12.4792;42.0068;-1;2;Autovettura privata;In marcia / fermata / arresto;Conducente;M;Illeso;0;;;